tests/algorithms/test_fedavg_algorithm.py::test_adapter_payload_extract_load_round_trip
tests/algorithms/test_fedavg_algorithm.py::test_load_weights_casts_dtype_and_rounds_non_float_tensors
tests/algorithms/test_fedavg_algorithm.py::test_extract_weights_casts_bfloat16_payloads_for_transport
tests/algorithms/test_fedavg_algorithm.py::test_extract_weights_respects_optional_payload_size_limit
tests/algorithms/test_fedavg_algorithm.py::test_fedavg_full_mode_round_trip_with_large_weights
tests/callbacks/test_handler_contract.py::test_registered_callbacks_are_iterable_in_registration_order
tests/callbacks/test_handler_contract.py::test_callback_body_attribute_error_reaches_caller_unchanged
tests/callbacks/test_handler_contract.py::test_missing_callback_event_keeps_descriptive_error
tests/callbacks/test_server_callback.py::test_log_progress_callback_tolerates_missing_logged_items
tests/callbacks/test_server_callback.py::test_log_progress_callback_expands_csv_for_new_lighteval_metrics
tests/clients/test_checkpoint_cleanup.py::test_disconnect_removes_only_owned_temporary_checkpoints
tests/clients/test_client_lifecycle_variants.py::test_simulated_server_payload_limit_precedes_deserialization
tests/clients/test_client_lifecycle_variants.py::test_base_client_lifecycle_sets_attributes
tests/clients/test_client_lifecycle_variants.py::test_composable_client_handles_payload_roundtrip
tests/clients/test_client_lifecycle_variants.py::test_base_client_handles_missing_datasource
tests/clients/test_client_lifecycle_variants.py::test_composable_client_request_update_orders_callbacks
tests/clients/test_client_lifecycle_variants.py::test_composable_client_chunk_flow_supports_retries
tests/clients/test_client_lifecycle_variants.py::test_split_learning_client_state_management
tests/clients/test_client_lifecycle_variants.py::test_mpc_client_round_store_configuration
tests/clients/test_client_lifecycle_variants.py::test_mpc_training_strategy_records_samples
tests/clients/test_feddf_strategy.py::test_feddf_training_strategy_returns_teacher_logits
tests/clients/test_fednova_strategy.py::test_report_contains_epochs_for_constant_pattern
tests/clients/test_fednova_strategy.py::test_uniform_random_assigns_epochs_and_updates_config
tests/clients/test_payload_limits.py::test_default_client_payload_cleanup_and_retry[valid]
tests/clients/test_payload_limits.py::test_default_client_payload_cleanup_and_retry[oversize]
tests/clients/test_payload_limits.py::test_default_client_payload_cleanup_and_retry[malformed]
tests/clients/test_payload_limits.py::test_default_client_payload_cleanup_and_retry[incomplete]
tests/clients/test_payload_limits.py::test_default_client_payload_cleanup_and_retry[wrong_id]
tests/clients/test_payload_limits.py::test_default_client_payload_cleanup_and_retry[timeout]
tests/clients/test_registry.py::test_registry_preserves_kwargs_for_external_clients
tests/clients/test_simple_client.py::test_simple_client_trains_with_default_strategies
tests/datasources/test_data_loaders.py::test_parallel_data_loader_yields_batches_in_lockstep
tests/datasources/test_data_loaders.py::test_sequential_data_loader_iterates_through_all_batches
tests/datasources/test_download_contracts.py::test_active_extractors_reject_unsafe_paths_before_writes[traversal-base_tar]
tests/datasources/test_download_contracts.py::test_active_extractors_reject_unsafe_paths_before_writes[traversal-base_zip]
tests/datasources/test_download_contracts.py::test_active_extractors_reject_unsafe_paths_before_writes[traversal-purchase]
tests/datasources/test_download_contracts.py::test_active_extractors_reject_unsafe_paths_before_writes[traversal-texas]
tests/datasources/test_download_contracts.py::test_active_extractors_reject_unsafe_paths_before_writes[absolute-base_tar]
tests/datasources/test_download_contracts.py::test_active_extractors_reject_unsafe_paths_before_writes[absolute-base_zip]
tests/datasources/test_download_contracts.py::test_active_extractors_reject_unsafe_paths_before_writes[absolute-purchase]
tests/datasources/test_download_contracts.py::test_active_extractors_reject_unsafe_paths_before_writes[absolute-texas]
tests/datasources/test_download_contracts.py::test_active_extractors_reject_unsafe_paths_before_writes[existing_directory_link-base_tar]
tests/datasources/test_download_contracts.py::test_active_extractors_reject_unsafe_paths_before_writes[existing_directory_link-base_zip]
tests/datasources/test_download_contracts.py::test_active_extractors_reject_unsafe_paths_before_writes[existing_directory_link-purchase]
tests/datasources/test_download_contracts.py::test_active_extractors_reject_unsafe_paths_before_writes[existing_directory_link-texas]
tests/datasources/test_download_contracts.py::test_active_extractors_reject_unsafe_paths_before_writes[existing_file_link-base_tar]
tests/datasources/test_download_contracts.py::test_active_extractors_reject_unsafe_paths_before_writes[existing_file_link-base_zip]
tests/datasources/test_download_contracts.py::test_active_extractors_reject_unsafe_paths_before_writes[existing_file_link-purchase]
tests/datasources/test_download_contracts.py::test_active_extractors_reject_unsafe_paths_before_writes[existing_file_link-texas]
tests/datasources/test_download_contracts.py::test_active_tar_extractors_reject_link_escapes[2-base_tar]
tests/datasources/test_download_contracts.py::test_active_tar_extractors_reject_link_escapes[2-purchase]
tests/datasources/test_download_contracts.py::test_active_tar_extractors_reject_link_escapes[2-texas]
tests/datasources/test_download_contracts.py::test_active_tar_extractors_reject_link_escapes[1-base_tar]
tests/datasources/test_download_contracts.py::test_active_tar_extractors_reject_link_escapes[1-purchase]
tests/datasources/test_download_contracts.py::test_active_tar_extractors_reject_link_escapes[1-texas]
tests/datasources/test_download_contracts.py::test_base_download_safe_archive_and_completion_cache[tar]
tests/datasources/test_download_contracts.py::test_base_download_safe_archive_and_completion_cache[zip]
tests/datasources/test_download_contracts.py::test_download_guard_recovers_after_owner_process_exits
tests/datasources/test_download_contracts.py::test_failed_download_releases_lock_and_never_marks_complete
tests/datasources/test_download_contracts.py::test_unsupported_download_format_raises_useful_error
tests/datasources/test_download_contracts.py::test_download_artifact_symlinks_cannot_write_outside[archive]
tests/datasources/test_download_contracts.py::test_download_artifact_symlinks_cannot_write_outside[completion]
tests/datasources/test_download_contracts.py::test_download_artifact_symlinks_cannot_write_outside[gzip_output]
tests/datasources/test_download_contracts.py::test_http_error_closes_each_response_before_retry
tests/datasources/test_download_contracts.py::test_interrupted_download_retries_closes_and_removes_partial_file
tests/datasources/test_download_contracts.py::test_download_guard_rejects_dangling_lock_symlink
tests/datasources/test_download_contracts.py::test_download_guard_preserves_live_owner_exclusion
tests/datasources/test_download_contracts.py::test_vector_download_archive_symlink_cannot_write_outside[purchase]
tests/datasources/test_download_contracts.py::test_vector_download_archive_symlink_cannot_write_outside[texas]
tests/datasources/test_download_contracts.py::test_vector_download_safe_archive_builds_cache[purchase]
tests/datasources/test_download_contracts.py::test_vector_download_safe_archive_builds_cache[texas]
tests/datasources/test_feature_dataset.py::test_feature_dataset_returns_feature_and_label
tests/datasources/test_feature_dataset.py::test_feature_dataset_defaults_label_for_single_element
tests/datasources/test_feature_dataset.py::test_feature_dataset_defaults_label_for_tensor_sample
tests/datasources/test_feature_dataset.py::test_feature_dataset_handles_multiple_samples
tests/datasources/test_feature_dataset.py::test_feature_dataset_ignores_extra_fields
tests/datasources/test_feature_dataset.py::test_feature_dataset_squeezes_label_dimension
tests/datasources/test_feature_dataset.py::test_feature_dataset_raises_for_empty_sample
tests/datasources/test_feature_datasource.py::test_feature_datasource_expands_batched_features
tests/datasources/test_feature_datasource.py::test_feature_datasource_handles_unbatched_entries
tests/datasources/test_feature_datasource.py::test_feature_datasource_defaults_label_when_missing
tests/datasources/test_feature_datasource.py::test_feature_datasource_ignores_non_tuple_entries
tests/datasources/test_huggingface_datasource.py::test_resolve_validation_split_falls_back_to_test_when_missing
tests/datasources/test_huggingface_datasource.py::test_dataset_cache_path_sanitizes_namespaced_inputs
tests/datasources/test_huggingface_datasource.py::test_preprocess_split_dispatches_by_mode
tests/datasources/test_huggingface_datasource.py::test_huggingface_datasource_keeps_validation_split_for_corpus_mode
tests/datasources/test_huggingface_datasource.py::test_huggingface_datasource_falls_back_to_test_split
tests/datasources/test_huggingface_datasource.py::test_huggingface_datasource_loads_legacy_cache_path_when_present
tests/datasources/test_huggingface_datasource.py::test_huggingface_corpus_mode_keeps_legacy_default_block_size
tests/datasources/test_huggingface_datasource.py::test_chat_sft_preprocesses_messages_without_corpus_concatenation
tests/datasources/test_huggingface_datasource.py::test_chat_sft_masks_non_assistant_tokens_with_minus_100
tests/datasources/test_huggingface_datasource.py::test_chat_sft_honors_max_seq_length_and_messages_field
tests/datasources/test_huggingface_datasource.py::test_chat_sft_normalizes_mapping_chat_template_outputs
tests/datasources/test_local_datasets.py::test_vector_dataset_small_cache_has_real_counts_and_preserves_rng[plato.datasources.purchase]
tests/datasources/test_local_datasets.py::test_vector_dataset_small_cache_has_real_counts_and_preserves_rng[plato.datasources.texas]
tests/datasources/test_local_datasets.py::test_existing_raw_vector_data_is_processed_without_download[plato.datasources.purchase]
tests/datasources/test_local_datasets.py::test_existing_raw_vector_data_is_processed_without_download[plato.datasources.texas]
tests/datasources/test_local_datasets.py::test_vector_splits_preserve_legacy_seed_order_without_global_mutation[plato.datasources.purchase]
tests/datasources/test_local_datasets.py::test_vector_splits_preserve_legacy_seed_order_without_global_mutation[plato.datasources.texas]
tests/datasources/test_local_datasets.py::test_cinic_existing_empty_root_recovers_download
tests/datasources/test_local_datasets.py::test_tiny_imagenet_canonical_validation_labels[False]
tests/datasources/test_local_datasets.py::test_tiny_imagenet_canonical_validation_labels[True]
tests/datasources/test_local_datasets.py::test_tiny_imagenet_preserves_prepared_labeled_test_tree
tests/datasources/test_local_datasets.py::test_prepartitioned_femnist_ids_and_counts
tests/datasources/test_local_datasets.py::test_torchvision_alias_selection_with_real_local_idx_files
tests/datasources/test_local_datasets.py::test_emnist_variant_keeps_distinct_training_and_test_data[None]
tests/datasources/test_local_datasets.py::test_emnist_variant_keeps_distinct_training_and_test_data[digits]
tests/datasources/test_registry.py::test_registry_returns_stub_datasource
tests/datasources/test_registry.py::test_registry_uses_configured_name
tests/datasources/test_registry.py::test_registry_supports_feature_datasource
tests/datasources/test_registry.py::test_registry_does_not_forward_datasource_name
tests/datasources/test_registry.py::test_registry_raises_for_unknown_datasource
tests/datasources/test_review2_regressions.py::test_bad_cache_values_rebuild_from_raw_without_poisoning_future_startup[string_features-plato.datasources.purchase]
tests/datasources/test_review2_regressions.py::test_bad_cache_values_rebuild_from_raw_without_poisoning_future_startup[string_features-plato.datasources.texas]
tests/datasources/test_review2_regressions.py::test_bad_cache_values_rebuild_from_raw_without_poisoning_future_startup[nan_features-plato.datasources.purchase]
tests/datasources/test_review2_regressions.py::test_bad_cache_values_rebuild_from_raw_without_poisoning_future_startup[nan_features-plato.datasources.texas]
tests/datasources/test_review2_regressions.py::test_bad_cache_values_rebuild_from_raw_without_poisoning_future_startup[inf_features-plato.datasources.purchase]
tests/datasources/test_review2_regressions.py::test_bad_cache_values_rebuild_from_raw_without_poisoning_future_startup[inf_features-plato.datasources.texas]
tests/datasources/test_review2_regressions.py::test_bad_cache_values_rebuild_from_raw_without_poisoning_future_startup[overflow_features-plato.datasources.purchase]
tests/datasources/test_review2_regressions.py::test_bad_cache_values_rebuild_from_raw_without_poisoning_future_startup[overflow_features-plato.datasources.texas]
tests/datasources/test_review2_regressions.py::test_bad_cache_values_rebuild_from_raw_without_poisoning_future_startup[complex_features-plato.datasources.purchase]
tests/datasources/test_review2_regressions.py::test_bad_cache_values_rebuild_from_raw_without_poisoning_future_startup[complex_features-plato.datasources.texas]
tests/datasources/test_review2_regressions.py::test_bad_cache_values_rebuild_from_raw_without_poisoning_future_startup[string_labels-plato.datasources.purchase]
tests/datasources/test_review2_regressions.py::test_bad_cache_values_rebuild_from_raw_without_poisoning_future_startup[string_labels-plato.datasources.texas]
tests/datasources/test_review2_regressions.py::test_bad_cache_values_rebuild_from_raw_without_poisoning_future_startup[fractional_labels-plato.datasources.purchase]
tests/datasources/test_review2_regressions.py::test_bad_cache_values_rebuild_from_raw_without_poisoning_future_startup[fractional_labels-plato.datasources.texas]
tests/datasources/test_review2_regressions.py::test_bad_cache_values_rebuild_from_raw_without_poisoning_future_startup[nan_labels-plato.datasources.purchase]
tests/datasources/test_review2_regressions.py::test_bad_cache_values_rebuild_from_raw_without_poisoning_future_startup[nan_labels-plato.datasources.texas]
tests/datasources/test_review2_regressions.py::test_bad_cache_values_rebuild_from_raw_without_poisoning_future_startup[inf_labels-plato.datasources.purchase]
tests/datasources/test_review2_regressions.py::test_bad_cache_values_rebuild_from_raw_without_poisoning_future_startup[inf_labels-plato.datasources.texas]
tests/datasources/test_review2_regressions.py::test_bad_cache_values_rebuild_from_raw_without_poisoning_future_startup[negative_labels-plato.datasources.purchase]
tests/datasources/test_review2_regressions.py::test_bad_cache_values_rebuild_from_raw_without_poisoning_future_startup[negative_labels-plato.datasources.texas]
tests/datasources/test_review2_regressions.py::test_bad_cache_values_rebuild_from_raw_without_poisoning_future_startup[class_overflow-plato.datasources.purchase]
tests/datasources/test_review2_regressions.py::test_bad_cache_values_rebuild_from_raw_without_poisoning_future_startup[class_overflow-plato.datasources.texas]
tests/datasources/test_review2_regressions.py::test_bad_cache_values_rebuild_from_raw_without_poisoning_future_startup[uint64_labels-plato.datasources.purchase]
tests/datasources/test_review2_regressions.py::test_bad_cache_values_rebuild_from_raw_without_poisoning_future_startup[uint64_labels-plato.datasources.texas]
tests/datasources/test_review2_regressions.py::test_bad_cache_values_rebuild_from_raw_without_poisoning_future_startup[complex_labels-plato.datasources.purchase]
tests/datasources/test_review2_regressions.py::test_bad_cache_values_rebuild_from_raw_without_poisoning_future_startup[complex_labels-plato.datasources.texas]
tests/datasources/test_review2_regressions.py::test_compatible_numeric_cache_only_keeps_values_and_original_file[native-plato.datasources.purchase]
tests/datasources/test_review2_regressions.py::test_compatible_numeric_cache_only_keeps_values_and_original_file[native-plato.datasources.texas]
tests/datasources/test_review2_regressions.py::test_compatible_numeric_cache_only_keeps_values_and_original_file[big_endian-plato.datasources.purchase]
tests/datasources/test_review2_regressions.py::test_compatible_numeric_cache_only_keeps_values_and_original_file[big_endian-plato.datasources.texas]
tests/datasources/test_review2_regressions.py::test_compatible_numeric_cache_only_keeps_values_and_original_file[bool-plato.datasources.purchase]
tests/datasources/test_review2_regressions.py::test_compatible_numeric_cache_only_keeps_values_and_original_file[bool-plato.datasources.texas]
tests/datasources/test_review2_regressions.py::test_compatible_numeric_cache_only_keeps_values_and_original_file[boundary-plato.datasources.purchase]
tests/datasources/test_review2_regressions.py::test_compatible_numeric_cache_only_keeps_values_and_original_file[boundary-plato.datasources.texas]
tests/datasources/test_review2_regressions.py::test_downloaded_dataset_recovers_missing_sample_with_marker_still_present[evaluation_image-plato.datasources.cinic10-prepared-False]
tests/datasources/test_review2_regressions.py::test_downloaded_dataset_recovers_missing_sample_with_marker_still_present[evaluation_image-plato.datasources.tiny_imagenet-native-False]
tests/datasources/test_review2_regressions.py::test_downloaded_dataset_recovers_missing_sample_with_marker_still_present[evaluation_image-plato.datasources.tiny_imagenet-native-True]
tests/datasources/test_review2_regressions.py::test_downloaded_dataset_recovers_missing_sample_with_marker_still_present[evaluation_image-plato.datasources.tiny_imagenet-prepared-False]
tests/datasources/test_review2_regressions.py::test_downloaded_dataset_recovers_missing_sample_with_marker_still_present[training_image-plato.datasources.cinic10-prepared-False]
tests/datasources/test_review2_regressions.py::test_downloaded_dataset_recovers_missing_sample_with_marker_still_present[training_image-plato.datasources.tiny_imagenet-native-False]
tests/datasources/test_review2_regressions.py::test_downloaded_dataset_recovers_missing_sample_with_marker_still_present[training_image-plato.datasources.tiny_imagenet-native-True]
tests/datasources/test_review2_regressions.py::test_downloaded_dataset_recovers_missing_sample_with_marker_still_present[training_image-plato.datasources.tiny_imagenet-prepared-False]
tests/datasources/test_review3_regressions.py::test_tiny_failed_recovery_retries_restored_source_and_stays_offline[True]
tests/datasources/test_review3_regressions.py::test_tiny_failed_recovery_retries_restored_source_and_stays_offline[False]
tests/datasources/test_review3_regressions.py::test_tiny_contender_waits_for_paused_recovery_and_reuses_completed_root[True]
tests/datasources/test_review3_regressions.py::test_tiny_contender_waits_for_paused_recovery_and_reuses_completed_root[False]
tests/datasources/test_review3_regressions.py::test_incomplete_manual_native_root_cannot_use_unrelated_recovery_artifact[None]
tests/datasources/test_review3_regressions.py::test_incomplete_manual_native_root_cannot_use_unrelated_recovery_artifact[.download.lock]
tests/datasources/test_review3_regressions.py::test_incomplete_manual_native_root_cannot_use_unrelated_recovery_artifact[unrelated.zip]
tests/datasources/test_review4_regressions.py::test_tiny_download_error_keeps_default_recovery_eligible_with_restored_source[http_503-True]
tests/datasources/test_review4_regressions.py::test_tiny_download_error_keeps_default_recovery_eligible_with_restored_source[http_503-False]
tests/datasources/test_review4_regressions.py::test_tiny_download_error_keeps_default_recovery_eligible_with_restored_source[bad_zip-True]
tests/datasources/test_review4_regressions.py::test_tiny_download_error_keeps_default_recovery_eligible_with_restored_source[bad_zip-False]
tests/datasources/test_review4_regressions.py::test_tiny_download_error_keeps_default_recovery_eligible_with_restored_source[truncated_body-True]
tests/datasources/test_review4_regressions.py::test_tiny_download_error_keeps_default_recovery_eligible_with_restored_source[truncated_body-False]
tests/datasources/test_review4_regressions.py::test_failed_initial_default_download_does_not_publish_an_archive_or_completion[http_503]
tests/datasources/test_review4_regressions.py::test_failed_initial_default_download_does_not_publish_an_archive_or_completion[bad_zip]
tests/datasources/test_review4_regressions.py::test_failed_initial_default_download_does_not_publish_an_archive_or_completion[truncated_body]
tests/datasources/test_review_regressions.py::test_vector_cache_reader_waits_for_real_writer_or_recovers_after_death[False-purchase]
tests/datasources/test_review_regressions.py::test_vector_cache_reader_waits_for_real_writer_or_recovers_after_death[False-texas]
tests/datasources/test_review_regressions.py::test_vector_cache_reader_waits_for_real_writer_or_recovers_after_death[True-purchase]
tests/datasources/test_review_regressions.py::test_vector_cache_reader_waits_for_real_writer_or_recovers_after_death[True-texas]
tests/datasources/test_review_regressions.py::test_invalid_vector_cache_rebuilds_from_complete_raw_data_offline[truncated-plato.datasources.purchase]
tests/datasources/test_review_regressions.py::test_invalid_vector_cache_rebuilds_from_complete_raw_data_offline[truncated-plato.datasources.texas]
tests/datasources/test_review_regressions.py::test_invalid_vector_cache_rebuilds_from_complete_raw_data_offline[missing_labels-plato.datasources.purchase]
tests/datasources/test_review_regressions.py::test_invalid_vector_cache_rebuilds_from_complete_raw_data_offline[missing_labels-plato.datasources.texas]
tests/datasources/test_review_regressions.py::test_invalid_vector_cache_rebuilds_from_complete_raw_data_offline[bad_shape-plato.datasources.purchase]
tests/datasources/test_review_regressions.py::test_invalid_vector_cache_rebuilds_from_complete_raw_data_offline[bad_shape-plato.datasources.texas]
tests/datasources/test_review_regressions.py::test_prepared_evaluation_subset_uses_training_labels_and_metadata[plato.datasources.cinic10]
tests/datasources/test_review_regressions.py::test_prepared_evaluation_subset_uses_training_labels_and_metadata[plato.datasources.tiny_imagenet]
tests/datasources/test_review_regressions.py::test_prepared_evaluation_rejects_unknown_classes[plato.datasources.cinic10]
tests/datasources/test_review_regressions.py::test_prepared_evaluation_rejects_unknown_classes[plato.datasources.tiny_imagenet]
tests/datasources/test_review_regressions.py::test_incomplete_native_tiny_never_fabricates_test_images_class[False]
tests/datasources/test_review_regressions.py::test_incomplete_native_tiny_never_fabricates_test_images_class[True]
tests/datasources/test_review_regressions.py::test_tiny_default_evaluation_is_deterministic_and_training_stays_augmented[False]
tests/datasources/test_review_regressions.py::test_tiny_default_evaluation_is_deterministic_and_training_stays_augmented[True]
tests/datasources/test_review_regressions.py::test_tiny_default_evaluation_normalizes_known_constant_pixels[False]
tests/datasources/test_review_regressions.py::test_tiny_default_evaluation_normalizes_known_constant_pixels[True]
tests/datasources/test_review_regressions.py::test_tiny_explicit_train_and_test_transforms_remain_independent[False]
tests/datasources/test_review_regressions.py::test_tiny_explicit_train_and_test_transforms_remain_independent[True]
tests/datasources/test_review_regressions.py::test_downloaded_image_dataset_recovers_stale_completion_marker[plato.datasources.cinic10-False]
tests/datasources/test_review_regressions.py::test_downloaded_image_dataset_recovers_stale_completion_marker[plato.datasources.tiny_imagenet-False]
tests/datasources/test_review_regressions.py::test_downloaded_image_dataset_recovers_stale_completion_marker[plato.datasources.tiny_imagenet-True]
tests/datasources/test_review_regressions.py::test_download_missing_required_artifacts_never_marks_complete
tests/datasources/test_torchvision_datasource.py::test_torchvision_datasource_supports_named_splits
tests/datasources/test_torchvision_datasource.py::test_torchvision_datasource_supports_boolean_splits_and_kwargs
tests/datasources/test_torchvision_datasource.py::test_torchvision_datasource_supports_deterministic_non_overlapping_subsets
tests/datasources/test_torchvision_datasource.py::test_torchvision_datasource_celeba_defaults
tests/datasources/test_torchvision_datasource.py::test_torchvision_datasource_celeba_respects_config
tests/datasources/test_torchvision_datasource.py::test_torchvision_datasource_celeba_identity_only
tests/evaluators/test_lighteval.py::test_lighteval_registry_resolves_without_importing_optional_backend
tests/evaluators/test_lighteval.py::test_lighteval_fast_preset_contains_expected_tasks
tests/evaluators/test_lighteval.py::test_lighteval_pipeline_task_resolution_maps_arc_aliases
tests/evaluators/test_lighteval.py::test_lighteval_pipeline_matches_supported_api_contract
tests/evaluators/test_lighteval.py::test_lighteval_pipeline_forwards_runtime_overrides
tests/evaluators/test_lighteval.py::test_lighteval_pipeline_uses_trainer_precision_for_default_dtype
tests/evaluators/test_lighteval.py::test_lighteval_pipeline_forwards_max_samples_to_each_task
tests/evaluators/test_lighteval.py::test_lighteval_evaluator_normalizes_metrics
tests/evaluators/test_lighteval.py::test_lighteval_normalizes_versioned_task_keys
tests/evaluators/test_lighteval.py::test_lighteval_evaluator_cleans_up_temp_exports
tests/evaluators/test_lighteval.py::test_lighteval_evaluator_raises_helpful_import_error
tests/evaluators/test_registry_runner.py::test_evaluator_registry_resolves_registered_evaluator
tests/evaluators/test_registry_runner.py::test_evaluator_registry_rejects_unknown_type
tests/evaluators/test_registry_runner.py::test_composable_trainer_runs_registered_evaluator_and_stores_results
tests/evaluators/test_registry_runner.py::test_composable_trainer_replaces_stale_evaluator_payloads
tests/evaluators/test_registry_runner.py::test_composable_trainer_without_evaluator_keeps_legacy_test_behavior
tests/evaluators/test_registry_runner.py::test_composable_trainer_raises_for_unknown_evaluator_config
tests/evaluators/test_registry_runner.py::test_composable_trainer_tolerates_evaluator_runtime_failure_by_default
tests/evaluators/test_registry_runner.py::test_composable_trainer_can_make_evaluator_failures_fatal
tests/evaluators/test_registry_runner.py::test_composable_trainer_restores_grad_mode_after_evaluator_side_effect
tests/integration/test_checkpoint_runtime_agreement.py::test_server_save_resume_restores_round_rng_weights_and_history[lenet5]
tests/integration/test_checkpoint_runtime_agreement.py::test_server_save_resume_restores_round_rng_weights_and_history[org/model]
tests/integration/test_checkpoint_runtime_agreement.py::test_server_save_resume_restores_round_rng_weights_and_history[org_model]
tests/integration/test_checkpoint_runtime_agreement.py::test_server_save_resume_restores_round_rng_weights_and_history[../model]
tests/integration/test_checkpoint_runtime_agreement.py::test_server_save_resume_restores_round_rng_weights_and_history[xxxxxxxxxxxxxxxxxxxxxxxxxxxxxxxxxxxxxxxxxxxxxxxxxxxxxxxxxxxxxxxxxxxxxxxxxxxxxxxxxxxxxxxxxxxxxxxxxxxxxxxxxxxxxxxxxxxxxxxxxxxxxxxxxxxxxxxxxxxxxxxxxxxxxxxxxxxxxxxxxxxxxxxxxxxxxxxxxxxxxxxxxxxxxxxxxxxxxxxxxxxxxxxxxxxxxxxxxxxxxxxxxxxxxxxxxxxxxxxx]
tests/integration/test_checkpoint_runtime_agreement.py::test_server_simulated_writer_to_actual_supplied_filename_reader
tests/integration/test_checkpoint_runtime_agreement.py::test_client_simulated_writers_and_server_reader_do_not_alias_names[False]
tests/integration/test_checkpoint_runtime_agreement.py::test_client_simulated_writers_and_server_reader_do_not_alias_names[True]
tests/integration/test_checkpoint_runtime_agreement.py::test_actual_personalized_outbound_hook_to_local_layer_reader[False]
tests/integration/test_checkpoint_runtime_agreement.py::test_actual_personalized_outbound_hook_to_local_layer_reader[True]
tests/integration/test_checkpoint_runtime_agreement.py::test_urgent_snapshot_numeric_selection_and_owned_cleanup_agree
tests/integration/test_event_loop_startup.py::test_fresh_entrypoint_executes_scheduled_work[client_default-client_body]
tests/integration/test_event_loop_startup.py::test_fresh_entrypoint_executes_scheduled_work[client_custom-client_body]
tests/integration/test_event_loop_startup.py::test_fresh_entrypoint_executes_scheduled_work[ordinary-periodic_body]
tests/integration/test_event_loop_startup.py::test_fresh_entrypoint_executes_scheduled_work[central-periodic_body]
tests/integration/test_event_loop_startup.py::test_fresh_entrypoint_executes_scheduled_work[direct-server_body]
tests/integration/test_event_loop_startup.py::test_fresh_entrypoint_executes_scheduled_work[edge_default-client_body]
tests/integration/test_event_loop_startup.py::test_fresh_entrypoint_executes_scheduled_work[edge_custom-client_body]
tests/integration/test_event_loop_startup.py::test_active_failure_reaches_synchronous_caller[client_custom-client-sentinel]
tests/integration/test_event_loop_startup.py::test_active_failure_reaches_synchronous_caller[ordinary-periodic-sentinel]
tests/integration/test_event_loop_startup.py::test_active_failure_reaches_synchronous_caller[central-periodic-sentinel]
tests/integration/test_event_loop_startup.py::test_active_failure_reaches_synchronous_caller[edge_custom-client-sentinel]
tests/integration/test_event_loop_startup.py::test_preconstructed_borrowed_loop_resources_survive[client_lifecycle-False]
tests/integration/test_event_loop_startup.py::test_preconstructed_borrowed_loop_resources_survive[client_lifecycle-True]
tests/integration/test_event_loop_startup.py::test_preconstructed_borrowed_loop_resources_survive[ordinary-False]
tests/integration/test_event_loop_startup.py::test_preconstructed_borrowed_loop_resources_survive[ordinary-True]
tests/integration/test_event_loop_startup.py::test_owned_client_finalizes_tasks_generators_and_executor[False]
tests/integration/test_event_loop_startup.py::test_owned_client_finalizes_tasks_generators_and_executor[True]
tests/integration/test_event_loop_startup.py::test_repeated_owned_client_entrypoints
tests/integration/test_event_loop_startup.py::test_explicitly_absent_loop_on_server_and_edge[ordinary]
tests/integration/test_event_loop_startup.py::test_explicitly_absent_loop_on_server_and_edge[central]
tests/integration/test_event_loop_startup.py::test_explicitly_absent_loop_on_server_and_edge[edge_default]
tests/integration/test_event_loop_startup.py::test_explicitly_absent_loop_on_server_and_edge[edge_custom]
tests/integration/test_event_loop_startup.py::test_closed_current_client_loop_is_replaced
tests/integration/test_event_loop_startup.py::test_running_loop_rejected_before_entrypoint_resources
tests/integration/test_event_loop_startup.py::test_delegating_server_consumes_same_borrowed_loop
tests/integration/test_event_loop_startup.py::test_owned_server_fallback_finalizes_its_resources[False]
tests/integration/test_event_loop_startup.py::test_owned_server_fallback_finalizes_its_resources[True]
tests/integration/test_event_loop_startup.py::test_cancellation_already_finalizing_is_not_interrupted
tests/integration/test_event_loop_startup.py::test_runner_cleanup_error_keeps_original_client_exception
tests/integration/test_event_loop_startup.py::test_configure_failure_is_preserved_before_main_coroutine
tests/integration/test_event_loop_startup.py::test_missing_external_edge_client_preserves_value_error
tests/integration/test_event_loop_startup.py::test_client_control_flow_keeps_original_exception[interrupt--2-KeyboardInterrupt]
tests/integration/test_event_loop_startup.py::test_client_control_flow_keeps_original_exception[exit-7-SystemExit]
tests/integration/test_event_loop_startup.py::test_active_edge_failure_unwinds_real_aiohttp
tests/integration/test_event_loop_startup.py::test_edge_cancellation_error_keeps_independent_setup_error
tests/integration/test_event_loop_startup.py::test_independent_runtime_error_is_not_mistaken_for_monitor_stop
tests/integration/test_event_loop_startup.py::test_server_error_precedence_and_cooperative_teardown[options0-setup-sentinel]
tests/integration/test_event_loop_startup.py::test_server_error_precedence_and_cooperative_teardown[options1-None]
tests/integration/test_event_loop_startup.py::test_server_error_precedence_and_cooperative_teardown[options2-periodic-sentinel]
tests/integration/test_event_loop_startup.py::test_server_error_precedence_and_cooperative_teardown[options3-start-sentinel]
tests/integration/test_event_loop_startup.py::test_server_error_precedence_and_cooperative_teardown[options4-periodic-finalizer]
tests/integration/test_event_loop_startup.py::test_noncooperative_teardown_is_watchdog_containment[task]
tests/integration/test_event_loop_startup.py::test_noncooperative_teardown_is_watchdog_containment[generator]
tests/integration/test_event_loop_startup.py::test_noncooperative_teardown_is_watchdog_containment[executor]
tests/integration/test_event_loop_startup.py::test_noncooperative_teardown_is_watchdog_containment[aiohttp_task]
tests/integration/test_event_loop_startup.py::test_real_two_client_cpu_socket_round
tests/integration/test_event_loop_startup.py::test_post_launch_failure_keeps_primary_error_and_contains_children
tests/integration/test_event_loop_startup.py::test_stalled_real_client_is_contained_without_round_success
tests/integration/test_feddyn_count_boundaries.py::test_actual_spawn_wrong_first_count_rejected_and_retry[uniform]
tests/integration/test_feddyn_count_boundaries.py::test_actual_spawn_wrong_first_count_rejected_and_retry[sample]
tests/integration/test_feddyn_count_boundaries.py::test_parent_realizes_partition_once_without_using_backing_length[False]
tests/integration/test_feddyn_count_boundaries.py::test_parent_realizes_partition_once_without_using_backing_length[True]
tests/integration/test_feddyn_count_boundaries.py::test_nonzero_history_requires_saved_observed_count[False-1-uniform]
tests/integration/test_feddyn_count_boundaries.py::test_nonzero_history_requires_saved_observed_count[False-1-sample]
tests/integration/test_feddyn_count_boundaries.py::test_nonzero_history_requires_saved_observed_count[False-2-uniform]
tests/integration/test_feddyn_count_boundaries.py::test_nonzero_history_requires_saved_observed_count[False-2-sample]
tests/integration/test_feddyn_count_boundaries.py::test_nonzero_history_requires_saved_observed_count[True-1-uniform]
tests/integration/test_feddyn_count_boundaries.py::test_nonzero_history_requires_saved_observed_count[True-1-sample]
tests/integration/test_feddyn_count_boundaries.py::test_nonzero_history_requires_saved_observed_count[True-2-uniform]
tests/integration/test_feddyn_count_boundaries.py::test_nonzero_history_requires_saved_observed_count[True-2-sample]
tests/integration/test_feddyn_count_boundaries.py::test_inactive_callback_count_types_rejected_before_commit[bool-value-on_weights_received]
tests/integration/test_feddyn_count_boundaries.py::test_inactive_callback_count_types_rejected_before_commit[bool-value-on_weights_aggregated]
tests/integration/test_feddyn_count_boundaries.py::test_inactive_callback_count_types_rejected_before_commit[float-value-on_weights_received]
tests/integration/test_feddyn_count_boundaries.py::test_inactive_callback_count_types_rejected_before_commit[float-value-on_weights_aggregated]
tests/integration/test_feddyn_count_boundaries.py::test_inactive_callback_count_types_rejected_before_commit[numpy-value-on_weights_received]
tests/integration/test_feddyn_count_boundaries.py::test_inactive_callback_count_types_rejected_before_commit[numpy-value-on_weights_aggregated]
tests/integration/test_feddyn_count_boundaries.py::test_inactive_callback_count_types_rejected_before_commit[float-key-on_weights_received]
tests/integration/test_feddyn_count_boundaries.py::test_inactive_callback_count_types_rejected_before_commit[float-key-on_weights_aggregated]
tests/integration/test_feddyn_entrypoint.py::test_actual_shipped_run_resume_matches_four_round_control_and_rng[uniform]
tests/integration/test_feddyn_entrypoint.py::test_actual_shipped_run_resume_matches_four_round_control_and_rng[sample]
tests/integration/test_feddyn_entrypoint.py::test_shipped_mnist_shaped_lenet_spawn_and_real_socket_cloud
tests/integration/test_feddyn_round_flow.py::test_actual_spawned_rejection_retry_and_logical_reuse[exit]
tests/integration/test_feddyn_round_flow.py::test_actual_spawned_rejection_retry_and_logical_reuse[save]
tests/integration/test_feddyn_round_flow.py::test_actual_spawned_rejection_retry_and_logical_reuse[missing]
tests/integration/test_feddyn_round_flow.py::test_actual_spawned_rejection_retry_and_logical_reuse[corrupt]
tests/integration/test_feddyn_round_flow.py::test_actual_spawned_rejection_retry_and_logical_reuse[token]
tests/integration/test_feddyn_round_flow.py::test_actual_spawned_rejection_retry_and_logical_reuse[client]
tests/integration/test_feddyn_round_flow.py::test_actual_spawned_rejection_retry_and_logical_reuse[round]
tests/integration/test_feddyn_round_flow.py::test_actual_spawned_rejection_retry_and_logical_reuse[key]
tests/integration/test_feddyn_round_flow.py::test_actual_spawned_rejection_retry_and_logical_reuse[shape]
tests/integration/test_feddyn_round_flow.py::test_actual_spawned_rejection_retry_and_logical_reuse[nan]
tests/integration/test_feddyn_round_flow.py::test_actual_spawned_rejection_retry_and_logical_reuse[equation]
tests/integration/test_feddyn_round_flow.py::test_actual_spawned_rejection_retry_and_logical_reuse[model]
tests/integration/test_feddyn_round_flow.py::test_actual_spawned_rejection_retry_and_logical_reuse[parent]
tests/integration/test_feddyn_round_flow.py::test_consecutive_same_client_uses_current_cloud_and_dispatched_history[False-uniform-counts0]
tests/integration/test_feddyn_round_flow.py::test_consecutive_same_client_uses_current_cloud_and_dispatched_history[False-sample-counts1]
tests/integration/test_feddyn_round_flow.py::test_consecutive_same_client_uses_current_cloud_and_dispatched_history[True-uniform-counts0]
tests/integration/test_feddyn_round_flow.py::test_consecutive_same_client_uses_current_cloud_and_dispatched_history[True-sample-counts1]
tests/integration/test_feddyn_round_flow.py::test_three_round_actual_partial_participation[False-uniform-counts0]
tests/integration/test_feddyn_round_flow.py::test_three_round_actual_partial_participation[False-sample-counts1]
tests/integration/test_feddyn_round_flow.py::test_three_round_actual_partial_participation[False-sample-counts2]
tests/integration/test_feddyn_round_flow.py::test_three_round_actual_partial_participation[False-uniform-counts3]
tests/integration/test_feddyn_round_flow.py::test_three_round_actual_partial_participation[True-uniform-counts0]
tests/integration/test_feddyn_round_flow.py::test_three_round_actual_partial_participation[True-sample-counts1]
tests/integration/test_feddyn_round_flow.py::test_three_round_actual_partial_participation[True-sample-counts2]
tests/integration/test_feddyn_round_flow.py::test_three_round_actual_partial_participation[True-uniform-counts3]
tests/integration/test_feddyn_round_flow.py::test_multiple_participants_preserve_inactive_history_population_mean[uniform]
tests/integration/test_feddyn_round_flow.py::test_multiple_participants_preserve_inactive_history_population_mean[sample]
tests/integration/test_feddyn_round_flow.py::test_actual_full_participation_first_cloud[uniform]
tests/integration/test_feddyn_round_flow.py::test_actual_full_participation_first_cloud[sample]
tests/integration/test_feddyn_round_flow.py::test_actual_spawn_reused_client_matches_partial_oracle[uniform-counts0]
tests/integration/test_feddyn_round_flow.py::test_actual_spawn_reused_client_matches_partial_oracle[sample-counts1]
tests/integration/test_feddyn_round_flow.py::test_whole_batch_rejection_preserves_every_history_and_retry_identity[0-missing]
tests/integration/test_feddyn_round_flow.py::test_whole_batch_rejection_preserves_every_history_and_retry_identity[0-extra]
tests/integration/test_feddyn_round_flow.py::test_whole_batch_rejection_preserves_every_history_and_retry_identity[0-shape]
tests/integration/test_feddyn_round_flow.py::test_whole_batch_rejection_preserves_every_history_and_retry_identity[0-dtype]
tests/integration/test_feddyn_round_flow.py::test_whole_batch_rejection_preserves_every_history_and_retry_identity[0-nan]
tests/integration/test_feddyn_round_flow.py::test_whole_batch_rejection_preserves_every_history_and_retry_identity[0-inf]
tests/integration/test_feddyn_round_flow.py::test_whole_batch_rejection_preserves_every_history_and_retry_identity[0-non-tensor]
tests/integration/test_feddyn_round_flow.py::test_whole_batch_rejection_preserves_every_history_and_retry_identity[0-token]
tests/integration/test_feddyn_round_flow.py::test_whole_batch_rejection_preserves_every_history_and_retry_identity[0-stale-round]
tests/integration/test_feddyn_round_flow.py::test_whole_batch_rejection_preserves_every_history_and_retry_identity[0-unknown-client]
tests/integration/test_feddyn_round_flow.py::test_whole_batch_rejection_preserves_every_history_and_retry_identity[0-report-id]
tests/integration/test_feddyn_round_flow.py::test_whole_batch_rejection_preserves_every_history_and_retry_identity[0-count]
tests/integration/test_feddyn_round_flow.py::test_whole_batch_rejection_preserves_every_history_and_retry_identity[0-report-count]
tests/integration/test_feddyn_round_flow.py::test_whole_batch_rejection_preserves_every_history_and_retry_identity[0-fractional-count]
tests/integration/test_feddyn_round_flow.py::test_whole_batch_rejection_preserves_every_history_and_retry_identity[0-bool-count]
tests/integration/test_feddyn_round_flow.py::test_whole_batch_rejection_preserves_every_history_and_retry_identity[0-steps]
tests/integration/test_feddyn_round_flow.py::test_whole_batch_rejection_preserves_every_history_and_retry_identity[0-version]
tests/integration/test_feddyn_round_flow.py::test_whole_batch_rejection_preserves_every_history_and_retry_identity[0-duplicate]
tests/integration/test_feddyn_round_flow.py::test_whole_batch_rejection_preserves_every_history_and_retry_identity[0-incomplete]
tests/integration/test_feddyn_round_flow.py::test_whole_batch_rejection_preserves_every_history_and_retry_identity[0-empty]
tests/integration/test_feddyn_round_flow.py::test_whole_batch_rejection_preserves_every_history_and_retry_identity[1-missing]
tests/integration/test_feddyn_round_flow.py::test_whole_batch_rejection_preserves_every_history_and_retry_identity[1-extra]
tests/integration/test_feddyn_round_flow.py::test_whole_batch_rejection_preserves_every_history_and_retry_identity[1-shape]
tests/integration/test_feddyn_round_flow.py::test_whole_batch_rejection_preserves_every_history_and_retry_identity[1-dtype]
tests/integration/test_feddyn_round_flow.py::test_whole_batch_rejection_preserves_every_history_and_retry_identity[1-nan]
tests/integration/test_feddyn_round_flow.py::test_whole_batch_rejection_preserves_every_history_and_retry_identity[1-inf]
tests/integration/test_feddyn_round_flow.py::test_whole_batch_rejection_preserves_every_history_and_retry_identity[1-non-tensor]
tests/integration/test_feddyn_round_flow.py::test_whole_batch_rejection_preserves_every_history_and_retry_identity[1-token]
tests/integration/test_feddyn_round_flow.py::test_whole_batch_rejection_preserves_every_history_and_retry_identity[1-stale-round]
tests/integration/test_feddyn_round_flow.py::test_whole_batch_rejection_preserves_every_history_and_retry_identity[1-unknown-client]
tests/integration/test_feddyn_round_flow.py::test_whole_batch_rejection_preserves_every_history_and_retry_identity[1-report-id]
tests/integration/test_feddyn_round_flow.py::test_whole_batch_rejection_preserves_every_history_and_retry_identity[1-count]
tests/integration/test_feddyn_round_flow.py::test_whole_batch_rejection_preserves_every_history_and_retry_identity[1-report-count]
tests/integration/test_feddyn_round_flow.py::test_whole_batch_rejection_preserves_every_history_and_retry_identity[1-fractional-count]
tests/integration/test_feddyn_round_flow.py::test_whole_batch_rejection_preserves_every_history_and_retry_identity[1-bool-count]
tests/integration/test_feddyn_round_flow.py::test_whole_batch_rejection_preserves_every_history_and_retry_identity[1-steps]
tests/integration/test_feddyn_round_flow.py::test_whole_batch_rejection_preserves_every_history_and_retry_identity[1-version]
tests/integration/test_feddyn_round_flow.py::test_whole_batch_rejection_preserves_every_history_and_retry_identity[1-duplicate]
tests/integration/test_feddyn_round_flow.py::test_whole_batch_rejection_preserves_every_history_and_retry_identity[1-incomplete]
tests/integration/test_feddyn_round_flow.py::test_whole_batch_rejection_preserves_every_history_and_retry_identity[1-empty]
tests/integration/test_feddyn_round_flow.py::test_callback_and_partial_load_boundary[receive-error]
tests/integration/test_feddyn_round_flow.py::test_callback_and_partial_load_boundary[receive-model]
tests/integration/test_feddyn_round_flow.py::test_callback_and_partial_load_boundary[receive-count]
tests/integration/test_feddyn_round_flow.py::test_callback_and_partial_load_boundary[receive-history]
tests/integration/test_feddyn_round_flow.py::test_callback_and_partial_load_boundary[receive-dispatch]
tests/integration/test_feddyn_round_flow.py::test_callback_and_partial_load_boundary[receive-round]
tests/integration/test_feddyn_round_flow.py::test_callback_and_partial_load_boundary[aggregate-error]
tests/integration/test_feddyn_round_flow.py::test_callback_and_partial_load_boundary[aggregate-model]
tests/integration/test_feddyn_round_flow.py::test_callback_and_partial_load_boundary[aggregate-history]
tests/integration/test_feddyn_round_flow.py::test_callback_and_partial_load_boundary[partial-load]
tests/integration/test_feddyn_round_flow.py::test_callback_and_partial_load_boundary[arithmetic]
tests/integration/test_feddyn_round_flow.py::test_callback_and_partial_load_boundary[postcommit]
tests/integration/test_feddyn_round_flow.py::test_accumulated_tail_and_skips_count_only_real_updates[2-3-0-2]
tests/integration/test_feddyn_round_flow.py::test_accumulated_tail_and_skips_count_only_real_updates[2-4-0-2]
tests/integration/test_feddyn_round_flow.py::test_accumulated_tail_and_skips_count_only_real_updates[5-3-0-1]
tests/integration/test_feddyn_round_flow.py::test_accumulated_tail_and_skips_count_only_real_updates[1-2-1-1]
tests/integration/test_feddyn_round_flow.py::test_empty_or_all_skipped_attempt_refuses_outbound_and_valid_retry[False]
tests/integration/test_feddyn_round_flow.py::test_empty_or_all_skipped_attempt_refuses_outbound_and_valid_retry[True]
tests/integration/test_feddyn_round_flow.py::test_actual_local_schema_buffer_and_count_mutation_rolls_back[flag]
tests/integration/test_feddyn_round_flow.py::test_actual_local_schema_buffer_and_count_mutation_rolls_back[shape]
tests/integration/test_feddyn_round_flow.py::test_actual_local_schema_buffer_and_count_mutation_rolls_back[frozen]
tests/integration/test_feddyn_round_flow.py::test_actual_local_schema_buffer_and_count_mutation_rolls_back[floating]
tests/integration/test_feddyn_round_flow.py::test_actual_local_schema_buffer_and_count_mutation_rolls_back[integral]
tests/integration/test_feddyn_round_flow.py::test_actual_local_schema_buffer_and_count_mutation_rolls_back[boolean]
tests/integration/test_feddyn_round_flow.py::test_actual_local_schema_buffer_and_count_mutation_rolls_back[nan-buffer]
tests/integration/test_feddyn_round_flow.py::test_actual_local_schema_buffer_and_count_mutation_rolls_back[count]
tests/integration/test_feddyn_round_flow.py::test_actual_inbound_whole_dispatch_validation_before_mutation[model-key]
tests/integration/test_feddyn_round_flow.py::test_actual_inbound_whole_dispatch_validation_before_mutation[model-extra]
tests/integration/test_feddyn_round_flow.py::test_actual_inbound_whole_dispatch_validation_before_mutation[model-shape]
tests/integration/test_feddyn_round_flow.py::test_actual_inbound_whole_dispatch_validation_before_mutation[model-dtype]
tests/integration/test_feddyn_round_flow.py::test_actual_inbound_whole_dispatch_validation_before_mutation[model-nan]
tests/integration/test_feddyn_round_flow.py::test_actual_inbound_whole_dispatch_validation_before_mutation[model-inf]
tests/integration/test_feddyn_round_flow.py::test_actual_inbound_whole_dispatch_validation_before_mutation[model-type]
tests/integration/test_feddyn_round_flow.py::test_actual_inbound_whole_dispatch_validation_before_mutation[history-key]
tests/integration/test_feddyn_round_flow.py::test_actual_inbound_whole_dispatch_validation_before_mutation[history-extra]
tests/integration/test_feddyn_round_flow.py::test_actual_inbound_whole_dispatch_validation_before_mutation[history-shape]
tests/integration/test_feddyn_round_flow.py::test_actual_inbound_whole_dispatch_validation_before_mutation[history-nan]
tests/integration/test_feddyn_round_flow.py::test_actual_inbound_whole_dispatch_validation_before_mutation[history-dtype]
tests/integration/test_feddyn_round_flow.py::test_actual_inbound_whole_dispatch_validation_before_mutation[version]
tests/integration/test_feddyn_round_flow.py::test_actual_inbound_whole_dispatch_validation_before_mutation[run]
tests/integration/test_feddyn_round_flow.py::test_actual_inbound_whole_dispatch_validation_before_mutation[round]
tests/integration/test_feddyn_round_flow.py::test_actual_inbound_whole_dispatch_validation_before_mutation[client]
tests/integration/test_feddyn_round_flow.py::test_actual_inbound_whole_dispatch_validation_before_mutation[token]
tests/integration/test_feddyn_round_flow.py::test_actual_inbound_whole_dispatch_validation_before_mutation[mode]
tests/integration/test_feddyn_round_flow.py::test_actual_inbound_whole_dispatch_validation_before_mutation[alpha]
tests/integration/test_feddyn_round_flow.py::test_actual_inbound_whole_dispatch_validation_before_mutation[effective]
tests/integration/test_feddyn_round_flow.py::test_actual_inbound_whole_dispatch_validation_before_mutation[count]
tests/integration/test_feddyn_round_flow.py::test_actual_inbound_whole_dispatch_validation_before_mutation[header]
tests/integration/test_feddyn_round_flow.py::test_realized_partition_count_uses_sampler_not_global_backing_data[1]
tests/integration/test_feddyn_round_flow.py::test_realized_partition_count_uses_sampler_not_global_backing_data[3]
tests/integration/test_feddyn_round_flow.py::test_pending_resume_handoff_is_atomic_and_consumed_once[identity]
tests/integration/test_feddyn_round_flow.py::test_pending_resume_handoff_is_atomic_and_consumed_once[schema]
tests/integration/test_feddyn_round_flow.py::test_pending_resume_handoff_is_atomic_and_consumed_once[rng]
tests/integration/test_feddyn_round_flow.py::test_pending_resume_handoff_is_atomic_and_consumed_once[install]
tests/integration/test_feddyn_round_flow.py::test_pending_resume_handoff_is_atomic_and_consumed_once[none]
tests/integration/test_feddyn_round_flow.py::test_optimizer_parameter_identity_and_static_full_state[reverse]
tests/integration/test_feddyn_round_flow.py::test_optimizer_parameter_identity_and_static_full_state[missing]
tests/integration/test_feddyn_round_flow.py::test_optimizer_parameter_identity_and_static_full_state[duplicate]
tests/integration/test_feddyn_round_flow.py::test_optimizer_parameter_identity_and_static_full_state[foreign]
tests/integration/test_feddyn_round_flow.py::test_optimizer_parameter_identity_and_static_full_state[frozen]
tests/integration/test_feddyn_round_flow.py::test_optimizer_parameter_identity_and_static_full_state[adam]
tests/integration/test_feddyn_round_flow.py::test_complete_bundle_round_two_to_three_matches_rational_reference[toy-uniform-counts0]
tests/integration/test_feddyn_round_flow.py::test_complete_bundle_round_two_to_three_matches_rational_reference[toy-sample-counts1]
tests/integration/test_feddyn_round_flow.py::test_complete_bundle_round_two_to_three_matches_rational_reference[org/model-uniform-counts0]
tests/integration/test_feddyn_round_flow.py::test_complete_bundle_round_two_to_three_matches_rational_reference[org/model-sample-counts1]
tests/integration/test_feddyn_round_flow.py::test_complete_bundle_round_two_to_three_matches_rational_reference[xxxxxxxxxxxxxxxxxxxxxxxxxxxxxxxxxxxxxxxxxxxxxxxxxxxxxxxxxxxxxxxxxxxxxxxxxxxxxxxxxxxxxxxxxxxxxxxxxxxxxxxxxxxxxxxxxxxxxxxxxxxxxxxxxxxxxxxxxxxxxxxxxxxxxxxxxxxxxxxxxxxxxxxxxxxxxxxxxxxxxxxxxxxxxxxxxxxxxxxxxxxxxxxxxxxxxxxxxxxxxxxxxxxxxxxxxxxxxxxx-uniform-counts0]
tests/integration/test_feddyn_round_flow.py::test_complete_bundle_round_two_to_three_matches_rational_reference[xxxxxxxxxxxxxxxxxxxxxxxxxxxxxxxxxxxxxxxxxxxxxxxxxxxxxxxxxxxxxxxxxxxxxxxxxxxxxxxxxxxxxxxxxxxxxxxxxxxxxxxxxxxxxxxxxxxxxxxxxxxxxxxxxxxxxxxxxxxxxxxxxxxxxxxxxxxxxxxxxxxxxxxxxxxxxxxxxxxxxxxxxxxxxxxxxxxxxxxxxxxxxxxxxxxxxxxxxxxxxxxxxxxxxxxxxxxxxxxx-sample-counts1]
tests/integration/test_feddyn_round_flow.py::test_rejected_bundle_preserves_model_history_live_rng_and_previous_pending[version]
tests/integration/test_feddyn_round_flow.py::test_rejected_bundle_preserves_model_history_live_rng_and_previous_pending[run]
tests/integration/test_feddyn_round_flow.py::test_rejected_bundle_preserves_model_history_live_rng_and_previous_pending[round]
tests/integration/test_feddyn_round_flow.py::test_rejected_bundle_preserves_model_history_live_rng_and_previous_pending[config]
tests/integration/test_feddyn_round_flow.py::test_rejected_bundle_preserves_model_history_live_rng_and_previous_pending[schema]
tests/integration/test_feddyn_round_flow.py::test_rejected_bundle_preserves_model_history_live_rng_and_previous_pending[model]
tests/integration/test_feddyn_round_flow.py::test_rejected_bundle_preserves_model_history_live_rng_and_previous_pending[history]
tests/integration/test_feddyn_round_flow.py::test_rejected_bundle_preserves_model_history_live_rng_and_previous_pending[count]
tests/integration/test_feddyn_round_flow.py::test_rejected_bundle_preserves_model_history_live_rng_and_previous_pending[rng-selection]
tests/integration/test_feddyn_round_flow.py::test_rejected_bundle_preserves_model_history_live_rng_and_previous_pending[rng-python]
tests/integration/test_feddyn_round_flow.py::test_rejected_bundle_preserves_model_history_live_rng_and_previous_pending[rng-numpy]
tests/integration/test_feddyn_round_flow.py::test_rejected_bundle_preserves_model_history_live_rng_and_previous_pending[rng-torch]
tests/integration/test_feddyn_round_flow.py::test_rejected_bundle_preserves_model_history_live_rng_and_previous_pending[model-only]
tests/integration/test_feddyn_round_flow.py::test_failed_bundle_serialization_preserves_previous_canonical_bytes
tests/integration/test_huggingface_smollm_smoke.py::test_smollm_smoltalk_config_smoke
tests/integration/test_qwen3_lora.py::test_offline_qwen3_peft_two_client_update_and_checkpoint
tests/integration/test_qwen3_lora.py::test_explicit_peft_state_is_preserved_without_unpinned_embedding_lookup[lora_override0-lm_head.weight]
tests/integration/test_qwen3_lora.py::test_explicit_peft_state_is_preserved_without_unpinned_embedding_lookup[lora_override1-lora_embedding_A]
tests/integration/test_qwen3_lora.py::test_explicit_peft_state_is_preserved_without_unpinned_embedding_lookup[lora_override2-trainable_tokens_delta]
tests/integration/test_qwen3_lora.py::test_adapter_checkpoint_rejects_different_pin_and_preserves_active_model
tests/integration/test_qwen3_lora.py::test_peft_cpu_payload_snapshot_and_adapter_epoch_snapshot_are_independent
tests/integration/test_qwen3_lora.py::test_tokenizer_expansion_retains_embedding_checkpoint_state
tests/integration/test_qwen3_lora.py::test_configured_seed_reproduces_actual_lora_initialization
tests/integration/test_qwen3_lora.py::test_supplied_preexpanded_peft_model_preserves_embedding_snapshots_and_logits
tests/integration/test_scaffold_callback_lifecycle.py::test_actual_report_callbacks_reject_and_clear_before_successful_retry[receive]
tests/integration/test_scaffold_callback_lifecycle.py::test_actual_report_callbacks_reject_and_clear_before_successful_retry[metadata]
tests/integration/test_scaffold_callback_lifecycle.py::test_actual_report_callbacks_reject_and_clear_before_successful_retry[model]
tests/integration/test_scaffold_callback_lifecycle.py::test_actual_report_callbacks_reject_and_clear_before_successful_retry[pending]
tests/integration/test_scaffold_callback_lifecycle.py::test_actual_report_callbacks_reject_and_clear_before_successful_retry[delta]
tests/integration/test_scaffold_callback_lifecycle.py::test_actual_report_callbacks_reject_and_clear_before_successful_retry[committed-control]
tests/integration/test_scaffold_callback_lifecycle.py::test_actual_report_callbacks_reject_and_clear_before_successful_retry[aggregate]
tests/integration/test_scaffold_callback_lifecycle.py::test_actual_report_callbacks_reject_and_clear_before_successful_retry[aggregate-model]
tests/integration/test_scaffold_callback_lifecycle.py::test_actual_report_callbacks_reject_and_clear_before_successful_retry[aggregate-control]
tests/integration/test_scaffold_callback_lifecycle.py::test_actual_report_callbacks_reject_and_clear_before_successful_retry[load]
tests/integration/test_scaffold_callback_lifecycle.py::test_actual_report_callbacks_reject_and_clear_before_successful_retry[arithmetic]
tests/integration/test_scaffold_callback_lifecycle.py::test_actual_report_callbacks_reject_and_clear_before_successful_retry[postcommit]
tests/integration/test_scaffold_callback_lifecycle.py::test_fallible_end_hook_rejects_before_acceptance_and_releases_ownership[False-False-False-train_model]
tests/integration/test_scaffold_callback_lifecycle.py::test_fallible_end_hook_rejects_before_acceptance_and_releases_ownership[False-False-False-train_process]
tests/integration/test_scaffold_callback_lifecycle.py::test_fallible_end_hook_rejects_before_acceptance_and_releases_ownership[False-False-True-train_model]
tests/integration/test_scaffold_callback_lifecycle.py::test_fallible_end_hook_rejects_before_acceptance_and_releases_ownership[False-False-True-train_process]
tests/integration/test_scaffold_callback_lifecycle.py::test_fallible_end_hook_rejects_before_acceptance_and_releases_ownership[False-True-False-train_model]
tests/integration/test_scaffold_callback_lifecycle.py::test_fallible_end_hook_rejects_before_acceptance_and_releases_ownership[False-True-False-train_process]
tests/integration/test_scaffold_callback_lifecycle.py::test_fallible_end_hook_rejects_before_acceptance_and_releases_ownership[False-True-True-train_model]
tests/integration/test_scaffold_callback_lifecycle.py::test_fallible_end_hook_rejects_before_acceptance_and_releases_ownership[False-True-True-train_process]
tests/integration/test_scaffold_callback_lifecycle.py::test_fallible_end_hook_rejects_before_acceptance_and_releases_ownership[True-False-False-train_model]
tests/integration/test_scaffold_callback_lifecycle.py::test_fallible_end_hook_rejects_before_acceptance_and_releases_ownership[True-False-False-train_process]
tests/integration/test_scaffold_callback_lifecycle.py::test_fallible_end_hook_rejects_before_acceptance_and_releases_ownership[True-False-True-train_model]
tests/integration/test_scaffold_callback_lifecycle.py::test_fallible_end_hook_rejects_before_acceptance_and_releases_ownership[True-False-True-train_process]
tests/integration/test_scaffold_callback_lifecycle.py::test_fallible_end_hook_rejects_before_acceptance_and_releases_ownership[True-True-False-train_model]
tests/integration/test_scaffold_callback_lifecycle.py::test_fallible_end_hook_rejects_before_acceptance_and_releases_ownership[True-True-False-train_process]
tests/integration/test_scaffold_callback_lifecycle.py::test_fallible_end_hook_rejects_before_acceptance_and_releases_ownership[True-True-True-train_model]
tests/integration/test_scaffold_callback_lifecycle.py::test_fallible_end_hook_rejects_before_acceptance_and_releases_ownership[True-True-True-train_process]
tests/integration/test_scaffold_callback_lifecycle.py::test_actual_spawned_successful_run_cleanup_rejects_before_parent_acceptance[False]
tests/integration/test_scaffold_callback_lifecycle.py::test_actual_spawned_successful_run_cleanup_rejects_before_parent_acceptance[True]
tests/integration/test_scaffold_round_flow.py::test_shipped_configuration_two_round_independent_rational_oracle
tests/integration/test_scaffold_round_flow.py::test_shipped_spawn_pipeline_parent_control_return_with_deadline
tests/integration/test_scaffold_round_flow.py::test_actual_failed_worker_handoff_refuses_previous_delta[missing]
tests/integration/test_scaffold_round_flow.py::test_actual_failed_worker_handoff_refuses_previous_delta[stale]
tests/integration/test_scaffold_round_flow.py::test_actual_failed_worker_handoff_refuses_previous_delta[model-save]
tests/integration/test_scaffold_round_flow.py::test_actual_failed_worker_handoff_refuses_previous_delta[commit]
tests/integration/test_scaffold_round_flow.py::test_reused_and_reconstructed_clients_match_dedicated_two_round_controls
tests/integration/test_scaffold_round_flow.py::test_actual_shipped_optimizer_lr_and_next_round_rate[0.1]
tests/integration/test_scaffold_round_flow.py::test_actual_shipped_optimizer_lr_and_next_round_rate[0.025]
tests/integration/test_scaffold_round_flow.py::test_config_loads_exact_shipped_toml_before_optimizer_overrides[0.1]
tests/integration/test_scaffold_round_flow.py::test_config_loads_exact_shipped_toml_before_optimizer_overrides[0.025]
tests/integration/test_scaffold_round_flow.py::test_equal_count_model_update_reduces_to_uniform_reference
tests/integration/test_scaffold_round_flow.py::test_unmodified_shipped_momentum_optimizer_composition
tests/integration/test_scaffold_round_flow.py::test_reused_processors_rebind_and_missing_inbound_c_clears_previous_round
tests/integration/test_scaffold_round_flow.py::test_all_server_deltas_validated_before_model_or_control_commit[None]
tests/integration/test_scaffold_round_flow.py::test_all_server_deltas_validated_before_model_or_control_commit[malformed1]
tests/integration/test_scaffold_round_flow.py::test_all_server_deltas_validated_before_model_or_control_commit[malformed2]
tests/integration/test_scaffold_round_flow.py::test_all_server_deltas_validated_before_model_or_control_commit[malformed3]
tests/integration/test_scaffold_round_flow.py::test_all_server_deltas_validated_before_model_or_control_commit[malformed4]
tests/integration/test_scaffold_round_flow.py::test_server_buffer_payloads_keep_inherited_aggregation_policy
tests/integration/test_scaffold_round_flow.py::test_actual_report_path_rejects_every_malformed_model_before_commit[nan-0-0]
tests/integration/test_scaffold_round_flow.py::test_actual_report_path_rejects_every_malformed_model_before_commit[nan-0-1]
tests/integration/test_scaffold_round_flow.py::test_actual_report_path_rejects_every_malformed_model_before_commit[nan-2-0]
tests/integration/test_scaffold_round_flow.py::test_actual_report_path_rejects_every_malformed_model_before_commit[nan-2-1]
tests/integration/test_scaffold_round_flow.py::test_actual_report_path_rejects_every_malformed_model_before_commit[missing-0-0]
tests/integration/test_scaffold_round_flow.py::test_actual_report_path_rejects_every_malformed_model_before_commit[missing-0-1]
tests/integration/test_scaffold_round_flow.py::test_actual_report_path_rejects_every_malformed_model_before_commit[missing-2-0]
tests/integration/test_scaffold_round_flow.py::test_actual_report_path_rejects_every_malformed_model_before_commit[missing-2-1]
tests/integration/test_scaffold_round_flow.py::test_actual_report_path_rejects_every_malformed_model_before_commit[broadcast-0-0]
tests/integration/test_scaffold_round_flow.py::test_actual_report_path_rejects_every_malformed_model_before_commit[broadcast-0-1]
tests/integration/test_scaffold_round_flow.py::test_actual_report_path_rejects_every_malformed_model_before_commit[broadcast-2-0]
tests/integration/test_scaffold_round_flow.py::test_actual_report_path_rejects_every_malformed_model_before_commit[broadcast-2-1]
tests/integration/test_scaffold_round_flow.py::test_actual_report_path_rejects_every_malformed_model_before_commit[unknown-0-0]
tests/integration/test_scaffold_round_flow.py::test_actual_report_path_rejects_every_malformed_model_before_commit[unknown-0-1]
tests/integration/test_scaffold_round_flow.py::test_actual_report_path_rejects_every_malformed_model_before_commit[unknown-2-0]
tests/integration/test_scaffold_round_flow.py::test_actual_report_path_rejects_every_malformed_model_before_commit[unknown-2-1]
tests/integration/test_scaffold_round_flow.py::test_actual_report_path_rejects_every_malformed_model_before_commit[non-tensor-0-0]
tests/integration/test_scaffold_round_flow.py::test_actual_report_path_rejects_every_malformed_model_before_commit[non-tensor-0-1]
tests/integration/test_scaffold_round_flow.py::test_actual_report_path_rejects_every_malformed_model_before_commit[non-tensor-2-0]
tests/integration/test_scaffold_round_flow.py::test_actual_report_path_rejects_every_malformed_model_before_commit[non-tensor-2-1]
tests/integration/test_scaffold_round_flow.py::test_actual_report_path_rejects_every_malformed_model_before_commit[frozen-0-0]
tests/integration/test_scaffold_round_flow.py::test_actual_report_path_rejects_every_malformed_model_before_commit[frozen-0-1]
tests/integration/test_scaffold_round_flow.py::test_actual_report_path_rejects_every_malformed_model_before_commit[frozen-2-0]
tests/integration/test_scaffold_round_flow.py::test_actual_report_path_rejects_every_malformed_model_before_commit[frozen-2-1]
tests/integration/test_scaffold_round_flow.py::test_actual_report_path_rejects_every_malformed_model_before_commit[buffer-0-0]
tests/integration/test_scaffold_round_flow.py::test_actual_report_path_rejects_every_malformed_model_before_commit[buffer-0-1]
tests/integration/test_scaffold_round_flow.py::test_actual_report_path_rejects_every_malformed_model_before_commit[buffer-2-0]
tests/integration/test_scaffold_round_flow.py::test_actual_report_path_rejects_every_malformed_model_before_commit[buffer-2-1]
tests/integration/test_scaffold_round_flow.py::test_actual_report_path_validates_samples_before_control_staging[-1-0]
tests/integration/test_scaffold_round_flow.py::test_actual_report_path_validates_samples_before_control_staging[-1-1]
tests/integration/test_scaffold_round_flow.py::test_actual_report_path_validates_samples_before_control_staging[nan-0]
tests/integration/test_scaffold_round_flow.py::test_actual_report_path_validates_samples_before_control_staging[nan-1]
tests/integration/test_scaffold_round_flow.py::test_actual_report_path_validates_samples_before_control_staging[inf-0]
tests/integration/test_scaffold_round_flow.py::test_actual_report_path_validates_samples_before_control_staging[inf-1]
tests/integration/test_smoke_configs.py::test_fedavg_lenet5_smoke
tests/integration/test_smoke_configs.py::test_split_learning_smoke
tests/integration/test_smoke_configs.py::test_mpc_training_smoke
tests/models/test_model_behaviour.py::test_lenet5_forward_produces_log_probs
tests/models/test_model_behaviour.py::test_lenet5_split_forward_matches_full
tests/models/test_model_behaviour.py::test_resnet_rejects_unknown_variant
tests/models/test_model_behaviour.py::test_resnet_split_roundtrip_matches_full
tests/models/test_model_registry.py::test_model_registry_instantiates_configured_model
tests/models/test_model_registry.py::test_model_registry_passes_kwargs_to_registered_model
tests/models/test_model_registry.py::test_model_registry_derives_type_from_model_name
tests/models/test_model_registry.py::test_model_registry_invokes_factory_getter
tests/models/test_model_registry.py::test_model_registry_raises_for_unknown_model
tests/mpc/test_mpc.py::test_round_info_store_local
tests/mpc/test_mpc.py::test_additive_strategy_end_to_end
tests/mpc/test_mpc.py::test_shamir_strategy_end_to_end
tests/mpc/test_mpc_regressions.py::test_weighted_round_matches_plaintext_reference[additive-clients0-counts0-None]
tests/mpc/test_mpc_regressions.py::test_weighted_round_matches_plaintext_reference[additive-clients1-counts1-None]
tests/mpc/test_mpc_regressions.py::test_weighted_round_matches_plaintext_reference[shamir-clients2-counts2-1]
tests/mpc/test_mpc_regressions.py::test_weighted_round_matches_plaintext_reference[shamir-clients3-counts3-2]
tests/mpc/test_mpc_regressions.py::test_weighted_round_matches_plaintext_reference[shamir-clients4-counts4-4]
tests/mpc/test_mpc_regressions.py::test_malformed_round_fails_without_mutating_baseline[cardinality-additive]
tests/mpc/test_mpc_regressions.py::test_malformed_round_fails_without_mutating_baseline[cardinality-shamir]
tests/mpc/test_mpc_regressions.py::test_malformed_round_fails_without_mutating_baseline[samples-additive]
tests/mpc/test_mpc_regressions.py::test_malformed_round_fails_without_mutating_baseline[samples-shamir]
tests/mpc/test_mpc_regressions.py::test_malformed_round_fails_without_mutating_baseline[duplicate-additive]
tests/mpc/test_mpc_regressions.py::test_malformed_round_fails_without_mutating_baseline[duplicate-shamir]
tests/mpc/test_mpc_regressions.py::test_malformed_round_fails_without_mutating_baseline[stale-additive]
tests/mpc/test_mpc_regressions.py::test_malformed_round_fails_without_mutating_baseline[stale-shamir]
tests/mpc/test_mpc_regressions.py::test_malformed_round_fails_without_mutating_baseline[shape-additive]
tests/mpc/test_mpc_regressions.py::test_malformed_round_fails_without_mutating_baseline[shape-shamir]
tests/mpc/test_mpc_regressions.py::test_malformed_round_fails_without_mutating_baseline[keys-additive]
tests/mpc/test_mpc_regressions.py::test_malformed_round_fails_without_mutating_baseline[keys-shamir]
tests/mpc/test_mpc_regressions.py::test_additive_missing_participant_cannot_bias_aggregate
tests/mpc/test_mpc_regressions.py::test_missing_sample_count_is_rejected_before_storing_shares[additive]
tests/mpc/test_mpc_regressions.py::test_missing_sample_count_is_rejected_before_storing_shares[shamir]
tests/mpc/test_mpc_regressions.py::test_invalid_sample_count_is_not_persisted[-1]
tests/mpc/test_mpc_regressions.py::test_invalid_sample_count_is_not_persisted[nan]
tests/mpc/test_mpc_regressions.py::test_invalid_sample_count_is_not_persisted[inf]
tests/mpc/test_mpc_regressions.py::test_stale_round_writer_cannot_contaminate_next_round
tests/mpc/test_mpc_regressions.py::test_failed_state_save_keeps_last_complete_round
tests/mpc/test_mpc_regressions.py::test_training_records_zero_samples_and_rejects_round_change
tests/mpc/test_mpc_regressions.py::test_configured_shamir_client_lifecycle_matches_server_reconstruction[1-None]
tests/mpc/test_mpc_regressions.py::test_configured_shamir_client_lifecycle_matches_server_reconstruction[2-None]
tests/mpc/test_mpc_regressions.py::test_configured_shamir_client_lifecycle_matches_server_reconstruction[None-None]
tests/mpc/test_mpc_regressions.py::test_configured_shamir_client_lifecycle_matches_server_reconstruction[1-4]
tests/mpc/test_mpc_regressions.py::test_configured_shamir_client_lifecycle_matches_server_reconstruction[None-1]
tests/mpc/test_mpc_regressions.py::test_impossible_shamir_coefficient_pool_is_bounded_before_persistence
tests/mpc/test_round_store_contracts.py::test_lock_timeout_follows_effective_pytest_profile[implicit-mandatory]
tests/mpc/test_round_store_contracts.py::test_lock_timeout_follows_effective_pytest_profile[explicit-mandatory]
tests/mpc/test_round_store_contracts.py::test_lock_timeout_follows_effective_pytest_profile[explicit-base]
tests/mpc/test_round_store_contracts.py::test_lock_timeout_follows_effective_pytest_profile[unprofiled-scoped]
tests/mpc/test_round_store_contracts.py::test_lock_failure_stops_client_and_never_writes
tests/mpc/test_round_store_contracts.py::test_finite_lock_wait_prevents_unlocked_write
tests/mpc/test_round_store_contracts.py::test_s3_read_error_is_not_reported_as_an_uninitialized_round
tests/processors/test_payload_regressions.py::test_bfloat_quantization_preserves_integer_and_boolean_buffers
tests/processors/test_payload_regressions.py::test_qsgd_zero_and_empty_layers_roundtrip[tensor0]
tests/processors/test_payload_regressions.py::test_qsgd_zero_and_empty_layers_roundtrip[tensor1]
tests/processors/test_payload_regressions.py::test_qsgd_zero_and_empty_layers_roundtrip[tensor2]
tests/processors/test_payload_regressions.py::test_qsgd_has_bounded_error_and_respects_random_seed
tests/processors/test_payload_regressions.py::test_qsgd_finite_endpoints_and_error_bound_at_large_scales[3.75-2]
tests/processors/test_payload_regressions.py::test_qsgd_finite_endpoints_and_error_bound_at_large_scales[3.75-16]
tests/processors/test_payload_regressions.py::test_qsgd_finite_endpoints_and_error_bound_at_large_scales[3.75-64]
tests/processors/test_payload_regressions.py::test_qsgd_finite_endpoints_and_error_bound_at_large_scales[3.75-128]
tests/processors/test_payload_regressions.py::test_qsgd_finite_endpoints_and_error_bound_at_large_scales[1e+38-2]
tests/processors/test_payload_regressions.py::test_qsgd_finite_endpoints_and_error_bound_at_large_scales[1e+38-16]
tests/processors/test_payload_regressions.py::test_qsgd_finite_endpoints_and_error_bound_at_large_scales[1e+38-64]
tests/processors/test_payload_regressions.py::test_qsgd_finite_endpoints_and_error_bound_at_large_scales[1e+38-128]
tests/processors/test_payload_regressions.py::test_qsgd_finite_endpoints_and_error_bound_at_large_scales[3e+38-2]
tests/processors/test_payload_regressions.py::test_qsgd_finite_endpoints_and_error_bound_at_large_scales[3e+38-16]
tests/processors/test_payload_regressions.py::test_qsgd_finite_endpoints_and_error_bound_at_large_scales[3e+38-64]
tests/processors/test_payload_regressions.py::test_qsgd_finite_endpoints_and_error_bound_at_large_scales[3e+38-128]
tests/processors/test_payload_regressions.py::test_qsgd_invalid_levels_fail_explicitly[0]
tests/processors/test_payload_regressions.py::test_qsgd_invalid_levels_fail_explicitly[1]
tests/processors/test_payload_regressions.py::test_qsgd_invalid_levels_fail_explicitly[129]
tests/processors/test_payload_regressions.py::test_qsgd_malformed_bytes_fail_explicitly[]
tests/processors/test_payload_regressions.py::test_qsgd_malformed_bytes_fail_explicitly[?\x80\x00\x00\x00\x0fB@\x00\x01\x00\x01]
tests/processors/test_payload_regressions.py::test_qsgd_malformed_bytes_fail_explicitly[?\x80\x00\x00\x00\x00\x00\x01\x00\x00\x01trailing]
tests/processors/test_payload_regressions.py::test_numpy_feature_compression_preserves_empty_target_dtype
tests/processors/test_payload_regressions.py::test_numpy_compression_empty_batch_and_strided_array
tests/processors/test_payload_regressions.py::test_heterogeneous_feature_batches_are_rejected_before_compression
tests/processors/test_payload_regressions.py::test_randomized_response_does_not_modify_source_model
tests/processors/test_payload_regressions.py::test_pruning_uses_replaced_trainer_model
tests/processors/test_payload_regressions.py::test_zero_noise_feature_processor_keeps_cpu_precision_and_targets
tests/processors/test_processing_pipeline.py::test_quantize_then_compress_pipeline_roundtrip
tests/processors/test_processing_pipeline.py::test_structured_pruning_zeroes_all_channels
tests/processors/test_processing_pipeline.py::test_unstructured_pruning_removes_fraction_of_weights
tests/samplers/test_partition_contracts.py::test_dirichlet_realized_count_is_stable_and_matches_loader[uniform]
tests/samplers/test_partition_contracts.py::test_dirichlet_realized_count_is_stable_and_matches_loader[normal]
tests/samplers/test_partition_contracts.py::test_empty_iid_fails_promptly_in_subprocess
tests/samplers/test_partition_contracts.py::test_iid_padding_and_membership_reference
tests/samplers/test_partition_contracts.py::test_seeded_sampler_construction_preserves_caller_rngs[iid]
tests/samplers/test_partition_contracts.py::test_seeded_sampler_construction_preserves_caller_rngs[noniid]
tests/samplers/test_partition_contracts.py::test_seeded_sampler_construction_preserves_caller_rngs[mixed]
tests/samplers/test_partition_contracts.py::test_seeded_sampler_construction_preserves_caller_rngs[orthogonal]
tests/samplers/test_partition_contracts.py::test_seeded_sampler_construction_preserves_caller_rngs[all_inclusive]
tests/samplers/test_partition_contracts.py::test_seeded_sampler_construction_preserves_caller_rngs[distribution_noniid]
tests/samplers/test_partition_contracts.py::test_seeded_sampler_construction_preserves_caller_rngs[label_quantity_noniid]
tests/samplers/test_partition_contracts.py::test_seeded_sampler_construction_preserves_caller_rngs[mixed_label_quantity_noniid]
tests/samplers/test_partition_contracts.py::test_seeded_sampler_construction_preserves_caller_rngs[sample_quantity_noniid]
tests/samplers/test_partition_contracts.py::test_seeded_sampler_construction_preserves_caller_rngs[modality_iid]
tests/samplers/test_partition_contracts.py::test_seeded_sampler_construction_preserves_caller_rngs[modality_quantity_noniid]
tests/samplers/test_partition_contracts.py::test_full_class_partitions_cover_data_once_for_all_client_ids[label_quantity_noniid]
tests/samplers/test_partition_contracts.py::test_full_class_partitions_cover_data_once_for_all_client_ids[mixed_label_quantity_noniid]
tests/samplers/test_partition_contracts.py::test_label_quantity_without_anchors
tests/samplers/test_partition_contracts.py::test_sample_quantity_condition_reports_selected_labels
tests/samplers/test_partition_contracts.py::test_empty_indices_cannot_be_extended
tests/samplers/test_partition_contracts.py::test_orthogonal_rejects_size_exceeding_assigned_classes
tests/samplers/test_partition_contracts.py::test_partition_samplers_reject_out_of_range_ids[0-iid]
tests/samplers/test_partition_contracts.py::test_partition_samplers_reject_out_of_range_ids[0-noniid]
tests/samplers/test_partition_contracts.py::test_partition_samplers_reject_out_of_range_ids[0-mixed]
tests/samplers/test_partition_contracts.py::test_partition_samplers_reject_out_of_range_ids[0-distribution_noniid]
tests/samplers/test_partition_contracts.py::test_partition_samplers_reject_out_of_range_ids[0-label_quantity_noniid]
tests/samplers/test_partition_contracts.py::test_partition_samplers_reject_out_of_range_ids[0-mixed_label_quantity_noniid]
tests/samplers/test_partition_contracts.py::test_partition_samplers_reject_out_of_range_ids[0-sample_quantity_noniid]
tests/samplers/test_partition_contracts.py::test_partition_samplers_reject_out_of_range_ids[3-iid]
tests/samplers/test_partition_contracts.py::test_partition_samplers_reject_out_of_range_ids[3-noniid]
tests/samplers/test_partition_contracts.py::test_partition_samplers_reject_out_of_range_ids[3-mixed]
tests/samplers/test_partition_contracts.py::test_partition_samplers_reject_out_of_range_ids[3-distribution_noniid]
tests/samplers/test_partition_contracts.py::test_partition_samplers_reject_out_of_range_ids[3-label_quantity_noniid]
tests/samplers/test_partition_contracts.py::test_partition_samplers_reject_out_of_range_ids[3-mixed_label_quantity_noniid]
tests/samplers/test_partition_contracts.py::test_partition_samplers_reject_out_of_range_ids[3-sample_quantity_noniid]
tests/samplers/test_partition_contracts.py::test_dirichlet_skew_zero_minimum_is_valid
tests/samplers/test_partition_contracts.py::test_single_dirichlet_partition_can_use_entire_dataset
tests/samplers/test_partition_contracts.py::test_modality_quantity_single_modality_fallback
tests/samplers/test_partition_contracts.py::test_infeasible_dirichlet_minimum_fails_promptly
tests/samplers/test_partition_contracts.py::test_mixed_label_partitions_respect_excluded_anchor_pool
tests/samplers/test_partition_contracts.py::test_infeasible_label_pool_fails_promptly
tests/samplers/test_partition_contracts.py::test_real_cross_silo_configure_accepts_assigned_edge_evaluation_id[4]
tests/samplers/test_partition_contracts.py::test_real_cross_silo_configure_accepts_assigned_edge_evaluation_id[5]
tests/samplers/test_partition_contracts.py::test_dirichlet_rejects_unassigned_edge_or_training_ids[False-8101-3-3-True]
tests/samplers/test_partition_contracts.py::test_dirichlet_rejects_unassigned_edge_or_training_ids[True-None-3-3-True]
tests/samplers/test_partition_contracts.py::test_dirichlet_rejects_unassigned_edge_or_training_ids[True-8101-1-3-True]
tests/samplers/test_partition_contracts.py::test_dirichlet_rejects_unassigned_edge_or_training_ids[True-8101-3-4-True]
tests/samplers/test_partition_contracts.py::test_dirichlet_rejects_unassigned_edge_or_training_ids[True-8101-5-5-True]
tests/samplers/test_partition_contracts.py::test_dirichlet_rejects_unassigned_edge_or_training_ids[True-8101-3-3-False]
tests/samplers/test_registry.py::test_iid_sampler_is_deterministic_per_client
tests/samplers/test_registry.py::test_iid_sampler_assigns_distinct_partitions
tests/samplers/test_registry.py::test_sampler_reports_partition_size
tests/samplers/test_registry.py::test_sampler_registry_accepts_explicit_sampler_type
tests/samplers/test_registry.py::test_sampler_registry_uses_testset_sampler_when_testing
tests/samplers/test_registry.py::test_sampler_registry_raises_for_unknown_sampler
tests/samplers/test_sampling_behaviour.py::test_dirichlet_sampler_is_deterministic_per_client
tests/samplers/test_sampling_behaviour.py::test_dirichlet_sampler_uses_test_targets_when_testing
tests/samplers/test_sampling_behaviour.py::test_orthogonal_sampler_restricts_class_assignments
tests/servers/test_fedavg_gan_aggregation_strategy.py::test_gan_aggregation_strategy_weighted_average
tests/servers/test_fedavg_he_aggregation_strategy.py::test_he_aggregation_strategy_weighted_average_without_encryption
tests/servers/test_fedavg_strategy.py::test_fedavg_aggregation_weighted_mean
tests/servers/test_fedavg_strategy.py::test_fedavg_aggregation_skips_feature_payloads
tests/servers/test_fedavg_strategy.py::test_aggregation_rejects_invalid_weights[-1-False-False]
tests/servers/test_fedavg_strategy.py::test_aggregation_rejects_invalid_weights[-1-False-True]
tests/servers/test_fedavg_strategy.py::test_aggregation_rejects_invalid_weights[-1-True-False]
tests/servers/test_fedavg_strategy.py::test_aggregation_rejects_invalid_weights[-1-True-True]
tests/servers/test_fedavg_strategy.py::test_aggregation_rejects_invalid_weights[nan-False-False]
tests/servers/test_fedavg_strategy.py::test_aggregation_rejects_invalid_weights[nan-False-True]
tests/servers/test_fedavg_strategy.py::test_aggregation_rejects_invalid_weights[nan-True-False]
tests/servers/test_fedavg_strategy.py::test_aggregation_rejects_invalid_weights[nan-True-True]
tests/servers/test_fedavg_strategy.py::test_aggregation_rejects_invalid_weights[inf-False-False]
tests/servers/test_fedavg_strategy.py::test_aggregation_rejects_invalid_weights[inf-False-True]
tests/servers/test_fedavg_strategy.py::test_aggregation_rejects_invalid_weights[inf-True-False]
tests/servers/test_fedavg_strategy.py::test_aggregation_rejects_invalid_weights[inf-True-True]
tests/servers/test_fedavg_strategy.py::test_aggregation_rejects_invalid_weights[-inf-False-False]
tests/servers/test_fedavg_strategy.py::test_aggregation_rejects_invalid_weights[-inf-False-True]
tests/servers/test_fedavg_strategy.py::test_aggregation_rejects_invalid_weights[-inf-True-False]
tests/servers/test_fedavg_strategy.py::test_aggregation_rejects_invalid_weights[-inf-True-True]
tests/servers/test_fedavg_strategy.py::test_aggregation_rejects_cardinality_mismatch[0-False]
tests/servers/test_fedavg_strategy.py::test_aggregation_rejects_cardinality_mismatch[0-True]
tests/servers/test_fedavg_strategy.py::test_aggregation_rejects_cardinality_mismatch[2-False]
tests/servers/test_fedavg_strategy.py::test_aggregation_rejects_cardinality_mismatch[2-True]
tests/servers/test_fedavg_strategy.py::test_server_validates_raw_and_hook_inputs_before_any_dispatch[negative-False-ordinary]
tests/servers/test_fedavg_strategy.py::test_server_validates_raw_and_hook_inputs_before_any_dispatch[negative-False-legacy]
tests/servers/test_fedavg_strategy.py::test_server_validates_raw_and_hook_inputs_before_any_dispatch[negative-False-delta]
tests/servers/test_fedavg_strategy.py::test_server_validates_raw_and_hook_inputs_before_any_dispatch[negative-True-ordinary]
tests/servers/test_fedavg_strategy.py::test_server_validates_raw_and_hook_inputs_before_any_dispatch[negative-True-legacy]
tests/servers/test_fedavg_strategy.py::test_server_validates_raw_and_hook_inputs_before_any_dispatch[negative-True-delta]
tests/servers/test_fedavg_strategy.py::test_server_validates_raw_and_hook_inputs_before_any_dispatch[nonfinite-False-ordinary]
tests/servers/test_fedavg_strategy.py::test_server_validates_raw_and_hook_inputs_before_any_dispatch[nonfinite-False-legacy]
tests/servers/test_fedavg_strategy.py::test_server_validates_raw_and_hook_inputs_before_any_dispatch[nonfinite-False-delta]
tests/servers/test_fedavg_strategy.py::test_server_validates_raw_and_hook_inputs_before_any_dispatch[nonfinite-True-ordinary]
tests/servers/test_fedavg_strategy.py::test_server_validates_raw_and_hook_inputs_before_any_dispatch[nonfinite-True-legacy]
tests/servers/test_fedavg_strategy.py::test_server_validates_raw_and_hook_inputs_before_any_dispatch[nonfinite-True-delta]
tests/servers/test_fedavg_strategy.py::test_server_validates_raw_and_hook_inputs_before_any_dispatch[hook_extra-False-ordinary]
tests/servers/test_fedavg_strategy.py::test_server_validates_raw_and_hook_inputs_before_any_dispatch[hook_extra-False-legacy]
tests/servers/test_fedavg_strategy.py::test_server_validates_raw_and_hook_inputs_before_any_dispatch[hook_extra-False-delta]
tests/servers/test_fedavg_strategy.py::test_server_validates_raw_and_hook_inputs_before_any_dispatch[hook_extra-True-ordinary]
tests/servers/test_fedavg_strategy.py::test_server_validates_raw_and_hook_inputs_before_any_dispatch[hook_extra-True-legacy]
tests/servers/test_fedavg_strategy.py::test_server_validates_raw_and_hook_inputs_before_any_dispatch[hook_extra-True-delta]
tests/servers/test_fedavg_strategy.py::test_server_validates_raw_and_hook_inputs_before_any_dispatch[hook_missing-False-ordinary]
tests/servers/test_fedavg_strategy.py::test_server_validates_raw_and_hook_inputs_before_any_dispatch[hook_missing-False-legacy]
tests/servers/test_fedavg_strategy.py::test_server_validates_raw_and_hook_inputs_before_any_dispatch[hook_missing-False-delta]
tests/servers/test_fedavg_strategy.py::test_server_validates_raw_and_hook_inputs_before_any_dispatch[hook_missing-True-ordinary]
tests/servers/test_fedavg_strategy.py::test_server_validates_raw_and_hook_inputs_before_any_dispatch[hook_missing-True-legacy]
tests/servers/test_fedavg_strategy.py::test_server_validates_raw_and_hook_inputs_before_any_dispatch[hook_missing-True-delta]
tests/servers/test_fedavg_strategy.py::test_server_preserves_fractional_and_zero_sample_dispatch[none-False-ordinary]
tests/servers/test_fedavg_strategy.py::test_server_preserves_fractional_and_zero_sample_dispatch[none-False-legacy]
tests/servers/test_fedavg_strategy.py::test_server_preserves_fractional_and_zero_sample_dispatch[none-False-delta]
tests/servers/test_fedavg_strategy.py::test_server_preserves_fractional_and_zero_sample_dispatch[none-True-ordinary]
tests/servers/test_fedavg_strategy.py::test_server_preserves_fractional_and_zero_sample_dispatch[none-True-legacy]
tests/servers/test_fedavg_strategy.py::test_server_preserves_fractional_and_zero_sample_dispatch[none-True-delta]
tests/servers/test_fedavg_strategy.py::test_server_preserves_fractional_and_zero_sample_dispatch[one-False-ordinary]
tests/servers/test_fedavg_strategy.py::test_server_preserves_fractional_and_zero_sample_dispatch[one-False-legacy]
tests/servers/test_fedavg_strategy.py::test_server_preserves_fractional_and_zero_sample_dispatch[one-False-delta]
tests/servers/test_fedavg_strategy.py::test_server_preserves_fractional_and_zero_sample_dispatch[one-True-ordinary]
tests/servers/test_fedavg_strategy.py::test_server_preserves_fractional_and_zero_sample_dispatch[one-True-legacy]
tests/servers/test_fedavg_strategy.py::test_server_preserves_fractional_and_zero_sample_dispatch[one-True-delta]
tests/servers/test_fedavg_strategy.py::test_server_preserves_fractional_and_zero_sample_dispatch[all-False-ordinary]
tests/servers/test_fedavg_strategy.py::test_server_preserves_fractional_and_zero_sample_dispatch[all-False-legacy]
tests/servers/test_fedavg_strategy.py::test_server_preserves_fractional_and_zero_sample_dispatch[all-False-delta]
tests/servers/test_fedavg_strategy.py::test_server_preserves_fractional_and_zero_sample_dispatch[all-True-ordinary]
tests/servers/test_fedavg_strategy.py::test_server_preserves_fractional_and_zero_sample_dispatch[all-True-legacy]
tests/servers/test_fedavg_strategy.py::test_server_preserves_fractional_and_zero_sample_dispatch[all-True-delta]
tests/servers/test_fedavg_strategy.py::test_feature_samples_do_not_dilute_fractional_weight_reference[False]
tests/servers/test_fedavg_strategy.py::test_feature_samples_do_not_dilute_fractional_weight_reference[True]
tests/servers/test_fedavg_strategy.py::test_fedavg_server_prefers_custom_delta_strategy_over_inherited_weights
tests/servers/test_fedavg_strategy.py::test_fedavg_server_logged_items_flatten_evaluator_metrics
tests/servers/test_fedavg_strategy.py::test_fedavg_server_logged_items_include_detailed_lighteval_metrics
tests/servers/test_fedavg_strategy.py::test_fedavg_server_does_not_persist_evaluator_jsonl_sidecar
tests/servers/test_feddf_server_strategy.py::test_feddf_server_process_reports_distills_global_model
tests/servers/test_feddf_server_strategy.py::test_feddf_teacher_logits_average_uniformly_by_default
tests/servers/test_he_payload_regressions.py::test_real_ckks_weighted_average_matches_plaintext[indices0]
tests/servers/test_he_payload_regressions.py::test_real_ckks_weighted_average_matches_plaintext[indices1]
tests/servers/test_he_payload_regressions.py::test_real_ckks_weighted_average_matches_plaintext[indices2]
tests/servers/test_he_payload_regressions.py::test_invalid_he_payload_fails_before_model_mutation[cardinality]
tests/servers/test_he_payload_regressions.py::test_invalid_he_payload_fails_before_model_mutation[negative]
tests/servers/test_he_payload_regressions.py::test_invalid_he_payload_fails_before_model_mutation[nan]
tests/servers/test_he_payload_regressions.py::test_invalid_he_payload_fails_before_model_mutation[inf]
tests/servers/test_he_payload_regressions.py::test_invalid_he_payload_fails_before_model_mutation[mask]
tests/servers/test_he_payload_regressions.py::test_invalid_he_payload_fails_before_model_mutation[length]
tests/servers/test_he_payload_regressions.py::test_he_zero_sample_round_keeps_baseline
tests/servers/test_he_payload_regressions.py::test_encryption_does_not_reorder_caller_mask
tests/servers/test_he_payload_regressions.py::test_encryption_rejects_ambiguous_mask[indices0]
tests/servers/test_he_payload_regressions.py::test_encryption_rejects_ambiguous_mask[indices1]
tests/servers/test_he_payload_regressions.py::test_encryption_rejects_ambiguous_mask[indices2]
tests/servers/test_he_payload_regressions.py::test_decrypt_rejects_excess_plaintext_instead_of_dropping_it
tests/servers/test_he_payload_regressions.py::test_default_he_processor_wire_pipeline_roundtrip
tests/servers/test_hermes_aggregation_strategy.py::test_hermes_aggregation_strategy_produces_weighted_average
tests/servers/test_lifecycle_contracts.py::test_fedbuff_preserves_uniform_research_weighting
tests/servers/test_lifecycle_contracts.py::test_fedasync_actual_example_preserves_staleness_mixing
tests/servers/test_lifecycle_contracts.py::test_async_periodic_aggregation_respects_minimum_and_round_order
tests/servers/test_lifecycle_contracts.py::test_cross_silo_invalid_hook_output_preserves_trainer_identity
tests/servers/test_lifecycle_contracts.py::test_async_partial_round_replaces_only_idle_workers[False]
tests/servers/test_lifecycle_contracts.py::test_async_partial_round_replaces_only_idle_workers[True]
tests/servers/test_personalized_selection_strategy.py::test_personalized_selection_respects_ratio
tests/servers/test_personalized_selection_strategy.py::test_personalized_selection_ensures_minimum_candidates
tests/servers/test_personalized_selection_strategy.py::test_personalized_selection_uses_all_clients_after_regular_rounds
tests/servers/test_personalized_selection_strategy.py::test_personalized_selection_clamps_ratio
tests/servers/test_pfedgraph_aggregation_strategy.py::test_project_to_simplex_returns_probability_vector
tests/servers/test_pfedgraph_aggregation_strategy.py::test_pfedgraph_aggregation_updates_client_models
tests/servers/test_port_checkpoint_flow.py::test_actual_port_hook_to_stale_similarity_and_aggregation[False]
tests/servers/test_port_checkpoint_flow.py::test_actual_port_hook_to_stale_similarity_and_aggregation[True]
tests/servers/test_runtime_disconnect_recovery.py::test_batched_urgent_loss_recovers_with_completed_reports[False]
tests/servers/test_runtime_disconnect_recovery.py::test_batched_urgent_loss_recovers_with_completed_reports[True]
tests/servers/test_runtime_disconnect_recovery.py::test_default_disconnect_policy_closes_batched_urgent_work[None]
tests/servers/test_runtime_disconnect_recovery.py::test_default_disconnect_policy_closes_batched_urgent_work[True]
tests/servers/test_runtime_disconnect_recovery.py::test_assignment_rejects_unregistered_session_before_mutation
tests/servers/test_runtime_review_regressions.py::test_partial_urgency_preserves_heap_order[3]
tests/servers/test_runtime_review_regressions.py::test_partial_urgency_preserves_heap_order[4]
tests/servers/test_runtime_review_regressions.py::test_earlier_response_never_rewinds_simulated_time
tests/servers/test_runtime_review_regressions.py::test_batched_shared_worker_completes_every_urgent_response
tests/servers/test_runtime_review_regressions.py::test_distinct_workers_remain_concurrent_during_urgency
tests/servers/test_runtime_review_regressions.py::test_distinct_retained_transfers_survive_worker_reuse_and_cleanup
tests/servers/test_runtime_s3_contract.py::test_actual_s3_writer_to_bounded_reader[valid-False-]
tests/servers/test_runtime_s3_contract.py::test_actual_s3_writer_to_bounded_reader[valid-False-prefix]
tests/servers/test_runtime_s3_contract.py::test_actual_s3_writer_to_bounded_reader[valid-False-nested/prefix]
tests/servers/test_runtime_s3_contract.py::test_actual_s3_writer_to_bounded_reader[valid-False-prefix/]
tests/servers/test_runtime_s3_contract.py::test_actual_s3_writer_to_bounded_reader[valid-True-]
tests/servers/test_runtime_s3_contract.py::test_actual_s3_writer_to_bounded_reader[valid-True-prefix]
tests/servers/test_runtime_s3_contract.py::test_actual_s3_writer_to_bounded_reader[valid-True-nested/prefix]
tests/servers/test_runtime_s3_contract.py::test_actual_s3_writer_to_bounded_reader[valid-True-prefix/]
tests/servers/test_runtime_s3_contract.py::test_actual_s3_writer_to_bounded_reader[oversize-False-]
tests/servers/test_runtime_s3_contract.py::test_actual_s3_writer_to_bounded_reader[oversize-False-prefix]
tests/servers/test_runtime_s3_contract.py::test_actual_s3_writer_to_bounded_reader[oversize-False-nested/prefix]
tests/servers/test_runtime_s3_contract.py::test_actual_s3_writer_to_bounded_reader[oversize-False-prefix/]
tests/servers/test_runtime_s3_contract.py::test_actual_s3_writer_to_bounded_reader[oversize-True-]
tests/servers/test_runtime_s3_contract.py::test_actual_s3_writer_to_bounded_reader[oversize-True-prefix]
tests/servers/test_runtime_s3_contract.py::test_actual_s3_writer_to_bounded_reader[oversize-True-nested/prefix]
tests/servers/test_runtime_s3_contract.py::test_actual_s3_writer_to_bounded_reader[oversize-True-prefix/]
tests/servers/test_runtime_s3_contract.py::test_actual_s3_writer_to_bounded_reader[deadline-False-]
tests/servers/test_runtime_s3_contract.py::test_actual_s3_writer_to_bounded_reader[deadline-False-prefix]
tests/servers/test_runtime_s3_contract.py::test_actual_s3_writer_to_bounded_reader[deadline-False-nested/prefix]
tests/servers/test_runtime_s3_contract.py::test_actual_s3_writer_to_bounded_reader[deadline-False-prefix/]
tests/servers/test_runtime_s3_contract.py::test_actual_s3_writer_to_bounded_reader[deadline-True-]
tests/servers/test_runtime_s3_contract.py::test_actual_s3_writer_to_bounded_reader[deadline-True-prefix]
tests/servers/test_runtime_s3_contract.py::test_actual_s3_writer_to_bounded_reader[deadline-True-nested/prefix]
tests/servers/test_runtime_s3_contract.py::test_actual_s3_writer_to_bounded_reader[deadline-True-prefix/]
tests/servers/test_runtime_s3_contract.py::test_actual_s3_client_failure_clears_transfer[oversize-False]
tests/servers/test_runtime_s3_contract.py::test_actual_s3_client_failure_clears_transfer[oversize-True]
tests/servers/test_runtime_s3_contract.py::test_actual_s3_client_failure_clears_transfer[deadline-False]
tests/servers/test_runtime_s3_contract.py::test_actual_s3_client_failure_clears_transfer[deadline-True]
tests/servers/test_runtime_s3_contract.py::test_minimal_s3_adapter_prefixes_exactly_once[False-]
tests/servers/test_runtime_s3_contract.py::test_minimal_s3_adapter_prefixes_exactly_once[False-prefix]
tests/servers/test_runtime_s3_contract.py::test_minimal_s3_adapter_prefixes_exactly_once[False-nested/prefix]
tests/servers/test_runtime_s3_contract.py::test_minimal_s3_adapter_prefixes_exactly_once[False-/prefix/]
tests/servers/test_runtime_s3_contract.py::test_minimal_s3_adapter_prefixes_exactly_once[True-]
tests/servers/test_runtime_s3_contract.py::test_minimal_s3_adapter_prefixes_exactly_once[True-prefix]
tests/servers/test_runtime_s3_contract.py::test_minimal_s3_adapter_prefixes_exactly_once[True-nested/prefix]
tests/servers/test_runtime_s3_contract.py::test_minimal_s3_adapter_prefixes_exactly_once[True-/prefix/]
tests/servers/test_runtime_s3_contract.py::test_client_buffer_cap_applies_below_payload_cap[socket]
tests/servers/test_runtime_s3_contract.py::test_client_buffer_cap_applies_below_payload_cap[s3]
tests/servers/test_runtime_transport.py::test_report_rejects_unassigned_identity_before_parsing[worker-2]
tests/servers/test_runtime_transport.py::test_report_rejects_unassigned_identity_before_parsing[unknown-2]
tests/servers/test_runtime_transport.py::test_report_embedded_identity_cannot_target_another_client
tests/servers/test_runtime_transport.py::test_unknown_or_stale_session_rejected_at_every_payload_stage[chunk-unknown]
tests/servers/test_runtime_transport.py::test_unknown_or_stale_session_rejected_at_every_payload_stage[chunk-stale]
tests/servers/test_runtime_transport.py::test_unknown_or_stale_session_rejected_at_every_payload_stage[part-unknown]
tests/servers/test_runtime_transport.py::test_unknown_or_stale_session_rejected_at_every_payload_stage[part-stale]
tests/servers/test_runtime_transport.py::test_unknown_or_stale_session_rejected_at_every_payload_stage[done-unknown]
tests/servers/test_runtime_transport.py::test_unknown_or_stale_session_rejected_at_every_payload_stage[done-stale]
tests/servers/test_runtime_transport.py::test_unknown_or_stale_session_rejected_at_every_payload_stage[s3-unknown]
tests/servers/test_runtime_transport.py::test_unknown_or_stale_session_rejected_at_every_payload_stage[s3-stale]
tests/servers/test_runtime_transport.py::test_payload_identity_checked_before_parsing_or_s3[part]
tests/servers/test_runtime_transport.py::test_payload_identity_checked_before_parsing_or_s3[done]
tests/servers/test_runtime_transport.py::test_payload_identity_checked_before_parsing_or_s3[s3]
tests/servers/test_runtime_transport.py::test_malformed_part_releases_only_sender_buffers[broken]
tests/servers/test_runtime_transport.py::test_malformed_part_releases_only_sender_buffers[\x80\x04K\x01]
tests/servers/test_runtime_transport.py::test_malformed_part_releases_only_sender_buffers[\x80\x04K\x01.x]
tests/servers/test_runtime_transport.py::test_server_limits_apply_across_parts_and_preserve_other_client[chunk_bytes]
tests/servers/test_runtime_transport.py::test_server_limits_apply_across_parts_and_preserve_other_client[payload_bytes]
tests/servers/test_runtime_transport.py::test_server_limits_apply_across_parts_and_preserve_other_client[chunks]
tests/servers/test_runtime_transport.py::test_server_limits_apply_across_parts_and_preserve_other_client[parts]
tests/servers/test_runtime_transport.py::test_server_limits_apply_across_parts_and_preserve_other_client[buffered]
tests/servers/test_runtime_transport.py::test_report_limit_rejects_before_pickle_parsing
tests/servers/test_runtime_transport.py::test_incomplete_transfer_expires_without_next_message[False]
tests/servers/test_runtime_transport.py::test_incomplete_transfer_expires_without_next_message[True]
tests/servers/test_runtime_transport.py::test_duplicate_report_does_not_replace_active_payload
tests/servers/test_runtime_transport.py::test_s3_reference_cannot_borrow_another_client_key[client_payload_2_ABC123]
tests/servers/test_runtime_transport.py::test_s3_reference_cannot_borrow_another_client_key[client_payload_7_ABC123/extra]
tests/servers/test_runtime_transport.py::test_s3_reference_cannot_borrow_another_client_key[other]
tests/servers/test_runtime_transport.py::test_socket_completion_round_boundaries_and_cleanup[False]
tests/servers/test_runtime_transport.py::test_socket_completion_round_boundaries_and_cleanup[True]
tests/servers/test_runtime_transport.py::test_reused_worker_accepts_only_new_server_issued_assignment
tests/servers/test_runtime_transport.py::test_actual_urgent_request_and_writer_use_requested_logical_client
tests/servers/test_runtime_transport.py::test_all_buffered_stale_clients_receive_urgent_requests
tests/servers/test_runtime_transport.py::test_disconnect_cleans_urgent_assignment_without_touching_other_client
tests/servers/test_runtime_transport.py::test_cross_silo_edge_identity_follows_actual_central_selection
tests/servers/test_runtime_transport.py::test_completed_unaggregated_payloads_still_count_toward_buffer_limit
tests/servers/test_runtime_transport.py::test_s3_ingress_uses_bounded_actual_http_reader[valid]
tests/servers/test_runtime_transport.py::test_s3_ingress_uses_bounded_actual_http_reader[oversized]
tests/servers/test_runtime_transport.py::test_s3_ingress_uses_bounded_actual_http_reader[streamed_oversize]
tests/servers/test_runtime_transport.py::test_s3_ingress_uses_bounded_actual_http_reader[truncated]
tests/servers/test_runtime_transport.py::test_s3_ingress_uses_bounded_actual_http_reader[incomplete]
tests/servers/test_server_resume_rng.py::test_actual_checkpoint_continues_selection_through_run[zero-configured-seed-ordinary]
tests/servers/test_server_resume_rng.py::test_actual_checkpoint_continues_selection_through_run[zero-configured-seed-central]
tests/servers/test_server_resume_rng.py::test_actual_checkpoint_continues_selection_through_run[zero-no-seed-ordinary]
tests/servers/test_server_resume_rng.py::test_actual_checkpoint_continues_selection_through_run[zero-no-seed-central]
tests/servers/test_server_resume_rng.py::test_actual_checkpoint_continues_selection_through_run[one-configured-seed-ordinary]
tests/servers/test_server_resume_rng.py::test_actual_checkpoint_continues_selection_through_run[one-configured-seed-central]
tests/servers/test_server_resume_rng.py::test_actual_checkpoint_continues_selection_through_run[one-no-seed-ordinary]
tests/servers/test_server_resume_rng.py::test_actual_checkpoint_continues_selection_through_run[one-no-seed-central]
tests/servers/test_server_resume_rng.py::test_actual_checkpoint_continues_selection_through_run[many-configured-seed-ordinary]
tests/servers/test_server_resume_rng.py::test_actual_checkpoint_continues_selection_through_run[many-configured-seed-central]
tests/servers/test_server_resume_rng.py::test_actual_checkpoint_continues_selection_through_run[many-no-seed-ordinary]
tests/servers/test_server_resume_rng.py::test_actual_checkpoint_continues_selection_through_run[many-no-seed-central]
tests/servers/test_server_resume_rng.py::test_legacy_global_rng_tuple_remains_readable[ordinary]
tests/servers/test_server_resume_rng.py::test_legacy_global_rng_tuple_remains_readable[central]
tests/servers/test_server_resume_rng.py::test_fresh_run_keeps_configured_seed_or_initial_selection_state[configured-seed-ordinary]
tests/servers/test_server_resume_rng.py::test_fresh_run_keeps_configured_seed_or_initial_selection_state[configured-seed-central]
tests/servers/test_server_resume_rng.py::test_fresh_run_keeps_configured_seed_or_initial_selection_state[no-seed-ordinary]
tests/servers/test_server_resume_rng.py::test_fresh_run_keeps_configured_seed_or_initial_selection_state[no-seed-central]
tests/servers/test_server_resume_rng.py::test_custom_resume_override_owns_selection_state_without_session_flag[ordinary]
tests/servers/test_server_resume_rng.py::test_custom_resume_override_owns_selection_state_without_session_flag[central]
tests/servers/test_server_resume_rng.py::test_malformed_resume_propagates_before_process_or_socket_start[current_round.pkl-UnpicklingError-ordinary]
tests/servers/test_server_resume_rng.py::test_malformed_resume_propagates_before_process_or_socket_start[current_round.pkl-UnpicklingError-central]
tests/servers/test_server_resume_rng.py::test_malformed_resume_propagates_before_process_or_socket_start[numpy_prng_state_2.pkl-UnpicklingError-ordinary]
tests/servers/test_server_resume_rng.py::test_malformed_resume_propagates_before_process_or_socket_start[numpy_prng_state_2.pkl-UnpicklingError-central]
tests/servers/test_server_resume_rng.py::test_malformed_resume_propagates_before_process_or_socket_start[prng_state_2.pkl-UnpicklingError-ordinary]
tests/servers/test_server_resume_rng.py::test_malformed_resume_propagates_before_process_or_socket_start[prng_state_2.pkl-UnpicklingError-central]
tests/servers/test_server_resume_rng.py::test_malformed_resume_propagates_before_process_or_socket_start[checkpoint_lenet5_2.safetensors-SafetensorError-ordinary]
tests/servers/test_server_resume_rng.py::test_malformed_resume_propagates_before_process_or_socket_start[checkpoint_lenet5_2.safetensors-SafetensorError-central]
tests/servers/test_split_learning_selection_strategy.py::test_split_learning_reuses_client_until_release
tests/servers/test_split_learning_selection_strategy.py::test_split_learning_cycles_through_clients
tests/servers/test_split_learning_selection_strategy.py::test_split_learning_rejects_multiple_clients
tests/test_config_loader.py::test_toml_loader_resolves_include_and_overrides
tests/test_config_loader.py::test_toml_loader_handles_none_and_mixed_lists
tests/test_config_loader.py::test_config_node_replace_and_asdict
tests/test_config_loader.py::test_cli_arguments_override_config_values
tests/test_config_loader.py::test_config_base_path_used_without_cli_override
tests/test_config_loader.py::test_config_loads_evaluation_section
tests/test_config_loader.py::test_is_central_server_requires_cross_silo_true
tests/test_config_loader.py::test_toml_loader_allows_shared_includes
tests/test_config_loader.py::test_toml_loader_detects_circular_includes
tests/test_config_loader.py::test_config_reload_discards_optional_sections_in_both_orders
tests/test_config_loader.py::test_speed_simulation_preserves_rng_and_seeded_values
tests/test_config_loader.py::test_nested_include_order_deep_overrides_and_list_concatenation
tests/test_config_loader.py::test_invalid_include_fails_usefully[include = 3]
tests/test_config_loader.py::test_invalid_include_fails_usefully[include = "missing.toml"]
tests/test_config_loader.py::test_environment_config_and_client_cli_overrides
tests/test_huggingface_artifacts.py::test_tokenizer_revision_follows_only_same_model_repository[None-None-model-pin]
tests/test_huggingface_artifacts.py::test_tokenizer_revision_follows_only_same_model_repository[other-tokenizer-None-main]
tests/test_huggingface_artifacts.py::test_tokenizer_revision_follows_only_same_model_repository[other-tokenizer-tokenizer-pin-tokenizer-pin]
tests/test_huggingface_artifacts.py::test_all_hf_loaders_propagate_exact_revisions_with_real_local_artifacts
tests/test_huggingface_artifacts.py::test_pinned_model_loader_failure_never_retries_main
tests/test_huggingface_artifacts.py::test_pinned_tokenizer_failure_never_retries_main
tests/test_huggingface_artifacts.py::test_dataset_cache_identity_includes_revision_local_path_and_content
tests/test_huggingface_artifacts.py::test_pinned_dataset_does_not_accept_legacy_unpinned_cache
tests/test_mlx_profile_contract.py::test_core_scope_excludes_native_before_import[arguments0]
tests/test_mlx_profile_contract.py::test_core_scope_excludes_native_before_import[arguments1]
tests/test_mlx_profile_contract.py::test_core_scope_excludes_native_before_import[arguments2]
tests/test_mlx_profile_contract.py::test_core_scope_excludes_native_before_import[arguments3]
tests/test_mlx_profile_contract.py::test_core_scope_excludes_native_before_import[arguments4]
tests/test_mlx_profile_contract.py::test_core_scope_excludes_native_before_import[arguments5]
tests/test_mlx_profile_contract.py::test_core_scope_excludes_native_before_import[arguments6]
tests/test_mlx_profile_contract.py::test_core_scope_excludes_native_before_import[arguments7]
tests/test_mlx_profile_contract.py::test_explicit_native_conflicts_fail_before_import[base-tests/mlx_native]
tests/test_mlx_profile_contract.py::test_explicit_native_conflicts_fail_before_import[base-tests/mlx_native/test_native.py]
tests/test_mlx_profile_contract.py::test_explicit_native_conflicts_fail_before_import[base-tests/mlx_native/test_native.py::test_native[one]]
tests/test_mlx_profile_contract.py::test_explicit_native_conflicts_fail_before_import[mandatory-tests/mlx_native]
tests/test_mlx_profile_contract.py::test_explicit_native_conflicts_fail_before_import[mandatory-tests/mlx_native/test_native.py]
tests/test_mlx_profile_contract.py::test_explicit_native_conflicts_fail_before_import[mandatory-tests/mlx_native/test_native.py::test_native[one]]
tests/test_mlx_profile_contract.py::test_canonical_native_pyargs_rejected_before_import[options0-tests.mlx_native]
tests/test_mlx_profile_contract.py::test_canonical_native_pyargs_rejected_before_import[options0-tests.mlx_native.test_native]
tests/test_mlx_profile_contract.py::test_canonical_native_pyargs_rejected_before_import[options0-tests.mlx_native.test_native::test_native[one]]
tests/test_mlx_profile_contract.py::test_canonical_native_pyargs_rejected_before_import[options1-tests.mlx_native]
tests/test_mlx_profile_contract.py::test_canonical_native_pyargs_rejected_before_import[options1-tests.mlx_native.test_native]
tests/test_mlx_profile_contract.py::test_canonical_native_pyargs_rejected_before_import[options1-tests.mlx_native.test_native::test_native[one]]
tests/test_mlx_profile_contract.py::test_canonical_native_pyargs_rejected_before_import[options2-tests.mlx_native]
tests/test_mlx_profile_contract.py::test_canonical_native_pyargs_rejected_before_import[options2-tests.mlx_native.test_native]
tests/test_mlx_profile_contract.py::test_canonical_native_pyargs_rejected_before_import[options2-tests.mlx_native.test_native::test_native[one]]
tests/test_mlx_profile_contract.py::test_canonical_native_pyargs_rejected_before_import[options3-tests.mlx_native]
tests/test_mlx_profile_contract.py::test_canonical_native_pyargs_rejected_before_import[options3-tests.mlx_native.test_native]
tests/test_mlx_profile_contract.py::test_canonical_native_pyargs_rejected_before_import[options3-tests.mlx_native.test_native::test_native[one]]
tests/test_mlx_profile_contract.py::test_alternative_pyargs_route_is_guarded_before_collector
tests/test_mlx_profile_contract.py::test_bare_native_module_alias_is_guarded_before_import
tests/test_mlx_profile_contract.py::test_native_filesystem_target_with_pyargs_is_rejected_early
tests/test_mlx_profile_contract.py::test_focused_native_filesystem_preflight_precedes_import[relative]
tests/test_mlx_profile_contract.py::test_focused_native_filesystem_preflight_precedes_import[absolute]
tests/test_mlx_profile_contract.py::test_focused_native_filesystem_preflight_precedes_import[from-tests]
tests/test_mlx_profile_contract.py::test_focused_native_filesystem_preflight_precedes_import[mixed]
tests/test_mlx_profile_contract.py::test_native_qualification_rejects_effective_filters[False-arguments0]
tests/test_mlx_profile_contract.py::test_native_qualification_rejects_effective_filters[False-arguments1]
tests/test_mlx_profile_contract.py::test_native_qualification_rejects_effective_filters[False-arguments2]
tests/test_mlx_profile_contract.py::test_native_qualification_rejects_effective_filters[False-arguments3]
tests/test_mlx_profile_contract.py::test_native_qualification_rejects_effective_filters[False-arguments4]
tests/test_mlx_profile_contract.py::test_native_qualification_rejects_effective_filters[False-arguments5]
tests/test_mlx_profile_contract.py::test_native_qualification_rejects_effective_filters[True-arguments0]
tests/test_mlx_profile_contract.py::test_native_qualification_rejects_effective_filters[True-arguments1]
tests/test_mlx_profile_contract.py::test_native_qualification_rejects_effective_filters[True-arguments2]
tests/test_mlx_profile_contract.py::test_native_qualification_rejects_effective_filters[True-arguments3]
tests/test_mlx_profile_contract.py::test_native_qualification_rejects_effective_filters[True-arguments4]
tests/test_mlx_profile_contract.py::test_native_qualification_rejects_effective_filters[True-arguments5]
tests/test_mlx_profile_contract.py::test_native_qualification_rejects_ini_addopts_filters
tests/test_mlx_profile_contract.py::test_marker_only_native_request_is_diagnostic
tests/test_mlx_profile_contract.py::test_exact_native_ledger_succeeds_with_honest_summary[False]
tests/test_mlx_profile_contract.py::test_exact_native_ledger_succeeds_with_honest_summary[True]
tests/test_mlx_profile_contract.py::test_changed_native_collection_cannot_qualify[missing]
tests/test_mlx_profile_contract.py::test_changed_native_collection_cannot_qualify[extra]
tests/test_mlx_profile_contract.py::test_changed_native_collection_cannot_qualify[parameter]
tests/test_mlx_profile_contract.py::test_changed_native_collection_cannot_qualify[duplicate]
tests/test_mlx_profile_contract.py::test_invalid_native_ledger_fails_clearly[ledger0]
tests/test_mlx_profile_contract.py::test_invalid_native_ledger_fails_clearly[ledger1]
tests/test_mlx_profile_contract.py::test_invalid_native_ledger_fails_clearly[ledger2]
tests/test_mlx_profile_contract.py::test_invalid_native_ledger_fails_clearly[ledger3]
tests/test_mlx_profile_contract.py::test_duplicate_native_ledger_fails_clearly
tests/test_mlx_profile_contract.py::test_native_outcomes_never_disappear_behind_success[False-skip]
tests/test_mlx_profile_contract.py::test_native_outcomes_never_disappear_behind_success[False-collect-skip]
tests/test_mlx_profile_contract.py::test_native_outcomes_never_disappear_behind_success[False-xfail]
tests/test_mlx_profile_contract.py::test_native_outcomes_never_disappear_behind_success[False-strict-xfail]
tests/test_mlx_profile_contract.py::test_native_outcomes_never_disappear_behind_success[False-xpass]
tests/test_mlx_profile_contract.py::test_native_outcomes_never_disappear_behind_success[False-setup-failure]
tests/test_mlx_profile_contract.py::test_native_outcomes_never_disappear_behind_success[False-teardown-failure]
tests/test_mlx_profile_contract.py::test_native_outcomes_never_disappear_behind_success[True-skip]
tests/test_mlx_profile_contract.py::test_native_outcomes_never_disappear_behind_success[True-collect-skip]
tests/test_mlx_profile_contract.py::test_native_outcomes_never_disappear_behind_success[True-xfail]
tests/test_mlx_profile_contract.py::test_native_outcomes_never_disappear_behind_success[True-strict-xfail]
tests/test_mlx_profile_contract.py::test_native_outcomes_never_disappear_behind_success[True-xpass]
tests/test_mlx_profile_contract.py::test_native_outcomes_never_disappear_behind_success[True-setup-failure]
tests/test_mlx_profile_contract.py::test_native_outcomes_never_disappear_behind_success[True-teardown-failure]
tests/test_mlx_profile_contract.py::test_subset_native_profile_requires_entire_ledger
tests/test_mlx_profile_contract.py::test_native_marker_outside_boundary_is_layout_error
tests/test_mlx_profile_contract.py::test_existing_core_runtime_partitions_keep_their_ledger[base-runtime]
tests/test_mlx_profile_contract.py::test_existing_core_runtime_partitions_keep_their_ledger[base-not runtime]
tests/test_mlx_profile_contract.py::test_existing_core_runtime_partitions_keep_their_ledger[mandatory-runtime]
tests/test_mlx_profile_contract.py::test_existing_core_runtime_partitions_keep_their_ledger[mandatory-not runtime]
tests/test_mlx_profile_contract.py::test_existing_core_collection_exclusions_remain_failures
tests/test_mlx_profile_contract.py::test_native_profile_with_core_only_target_cannot_qualify
tests/test_mlx_profile_contract.py::test_native_pyargs_profile_rejects_ordinary_core_target
tests/test_mlx_profile_contract.py::test_native_ledger_invalid_json_is_scoped
tests/test_mlx_profile_contract.py::test_native_profile_duplicate_explicit_file_cannot_qualify
tests/test_mlx_profile_contract.py::test_actual_missing_mlx_guard_rejects_before_module_import
tests/test_mlx_profile_contract.py::test_unpreflighted_file_wrapper_rejects_before_yield
tests/test_mlx_profile_contract.py::test_native_manual_configure_does_not_probe
tests/test_mlx_profile_contract.py::test_native_prerequisite_forces_cpu_and_gpu_and_restores_streams
tests/test_mlx_profile_contract.py::test_native_prerequisite_failures_are_scoped_and_preserve_cause[cpu]
tests/test_mlx_profile_contract.py::test_native_prerequisite_failures_are_scoped_and_preserve_cause[gpu]
tests/test_mlx_profile_contract.py::test_native_prerequisite_failures_are_scoped_and_preserve_cause[metadata]
tests/test_mlx_profile_contract.py::test_native_prerequisite_failures_are_scoped_and_preserve_cause[import]
tests/test_mlx_profile_contract.py::test_native_prerequisite_failures_are_scoped_and_preserve_cause[metal]
tests/test_mlx_profile_contract.py::test_native_prerequisite_failures_are_scoped_and_preserve_cause[version]
tests/test_mlx_profile_contract.py::test_native_prerequisite_failures_are_scoped_and_preserve_cause[nan]
tests/test_mlx_profile_contract.py::test_native_prerequisite_failures_are_scoped_and_preserve_cause[wrong]
tests/test_mlx_profile_contract.py::test_native_selected_platform_failure_does_not_import[Linux-aarch64]
tests/test_mlx_profile_contract.py::test_native_selected_platform_failure_does_not_import[Darwin-x86_64]
tests/test_mlx_profile_contract.py::test_native_prerequisite_preserves_keyboard_interrupt
tests/test_retired_backends.py::test_retired_model_selection_fails_with_archive_guidance[nanochat]
tests/test_retired_backends.py::test_retired_model_selection_fails_with_archive_guidance[smolvla]
tests/test_retired_backends.py::test_retired_trainer_selection_fails_with_archive_guidance[nanochat]
tests/test_retired_backends.py::test_retired_trainer_selection_fails_with_archive_guidance[lerobot]
tests/test_retired_backends.py::test_retired_datasource_selection_fails_with_archive_guidance[False-Nanochat]
tests/test_retired_backends.py::test_retired_datasource_selection_fails_with_archive_guidance[False-LeRobot]
tests/test_retired_backends.py::test_retired_datasource_selection_fails_with_archive_guidance[True-Nanochat]
tests/test_retired_backends.py::test_retired_datasource_selection_fails_with_archive_guidance[True-LeRobot]
tests/test_retired_backends.py::test_retired_evaluator_cannot_silently_disappear[False]
tests/test_retired_backends.py::test_retired_evaluator_cannot_silently_disappear[True]
tests/test_retired_backends.py::test_retired_evaluator_cannot_run_via_override
tests/test_retired_backends.py::test_retirement_archive_preserves_original_bytes[nanochat]
tests/test_retired_backends.py::test_retirement_archive_preserves_original_bytes[lerobot]
tests/test_retired_backends.py::test_nanochat_upstream_archive_preserves_pinned_source_and_notice
tests/test_retired_backends.py::test_retired_runtime_modules_are_unavailable[plato.models.nanochat]
tests/test_retired_backends.py::test_retired_runtime_modules_are_unavailable[plato.models.smolvla]
tests/test_retired_backends.py::test_retired_runtime_modules_are_unavailable[plato.trainers.nanochat]
tests/test_retired_backends.py::test_retired_runtime_modules_are_unavailable[plato.trainers.lerobot]
tests/test_retired_backends.py::test_retired_runtime_modules_are_unavailable[plato.datasources.nanochat]
tests/test_retired_backends.py::test_retired_runtime_modules_are_unavailable[plato.datasources.lerobot]
tests/test_retired_backends.py::test_retired_runtime_modules_are_unavailable[plato.processors.nanochat_tokenizer]
tests/test_retired_backends.py::test_retired_runtime_modules_are_unavailable[plato.evaluators.nanochat_core]
tests/test_retired_backends.py::test_retired_runtime_modules_are_unavailable[plato.utils.third_party]
tests/trainers/strategies/test_base.py::TestTrainingContext::test_initialization
tests/trainers/strategies/test_base.py::TestTrainingContext::test_attribute_assignment
tests/trainers/strategies/test_base.py::TestTrainingContext::test_config_dict
tests/trainers/strategies/test_base.py::TestTrainingContext::test_state_dict
tests/trainers/strategies/test_base.py::TestTrainingContext::test_repr
tests/trainers/strategies/test_base.py::TestStrategyBase::test_strategy_is_abstract
tests/trainers/strategies/test_base.py::TestStrategyBase::test_strategy_lifecycle_methods
tests/trainers/strategies/test_base.py::TestLossCriterionStrategy::test_interface_has_abstract_method
tests/trainers/strategies/test_base.py::TestLossCriterionStrategy::test_concrete_implementation
tests/trainers/strategies/test_base.py::TestOptimizerStrategy::test_interface_has_abstract_method
tests/trainers/strategies/test_base.py::TestOptimizerStrategy::test_concrete_implementation
tests/trainers/strategies/test_base.py::TestOptimizerStrategy::test_on_optimizer_step_hook
tests/trainers/strategies/test_base.py::TestTrainingStepStrategy::test_interface_has_abstract_method
tests/trainers/strategies/test_base.py::TestTrainingStepStrategy::test_concrete_implementation
tests/trainers/strategies/test_base.py::TestLRSchedulerStrategy::test_interface_has_abstract_method
tests/trainers/strategies/test_base.py::TestLRSchedulerStrategy::test_concrete_implementation
tests/trainers/strategies/test_base.py::TestLRSchedulerStrategy::test_step_method
tests/trainers/strategies/test_base.py::TestLRSchedulerStrategy::test_none_scheduler
tests/trainers/strategies/test_base.py::TestModelUpdateStrategy::test_all_methods_optional
tests/trainers/strategies/test_base.py::TestModelUpdateStrategy::test_lifecycle_hooks
tests/trainers/strategies/test_base.py::TestModelUpdateStrategy::test_get_update_payload
tests/trainers/strategies/test_base.py::TestDataLoaderStrategy::test_interface_has_abstract_method
tests/trainers/strategies/test_base.py::TestDataLoaderStrategy::test_concrete_implementation
tests/trainers/strategies/test_base.py::TestStrategyComposition::test_context_sharing_between_strategies
tests/trainers/strategies/test_loss_criterion.py::test_loss_registry_core_loss_does_not_import_lightly
tests/trainers/strategies/test_loss_criterion.py::test_loss_registry_ssl_loss_requires_optional_lightly
tests/trainers/strategies/test_loss_criterion.py::TestCrossEntropyLossStrategy::test_initialization
tests/trainers/strategies/test_loss_criterion.py::TestCrossEntropyLossStrategy::test_setup
tests/trainers/strategies/test_loss_criterion.py::TestCrossEntropyLossStrategy::test_compute_loss
tests/trainers/strategies/test_loss_criterion.py::TestCrossEntropyLossStrategy::test_label_smoothing
tests/trainers/strategies/test_loss_criterion.py::TestCrossEntropyLossStrategy::test_with_weights
tests/trainers/strategies/test_loss_criterion.py::TestMSELossStrategy::test_initialization
tests/trainers/strategies/test_loss_criterion.py::TestMSELossStrategy::test_compute_loss
tests/trainers/strategies/test_loss_criterion.py::TestMSELossStrategy::test_perfect_prediction
tests/trainers/strategies/test_loss_criterion.py::TestBCEWithLogitsLossStrategy::test_initialization
tests/trainers/strategies/test_loss_criterion.py::TestBCEWithLogitsLossStrategy::test_compute_loss
tests/trainers/strategies/test_loss_criterion.py::TestBCEWithLogitsLossStrategy::test_with_pos_weight
tests/trainers/strategies/test_loss_criterion.py::TestNLLLossStrategy::test_initialization
tests/trainers/strategies/test_loss_criterion.py::TestNLLLossStrategy::test_compute_loss
tests/trainers/strategies/test_loss_criterion.py::TestCompositeLossStrategy::test_initialization_with_weights
tests/trainers/strategies/test_loss_criterion.py::TestCompositeLossStrategy::test_initialization_without_weights
tests/trainers/strategies/test_loss_criterion.py::TestCompositeLossStrategy::test_setup_calls_all_strategies
tests/trainers/strategies/test_loss_criterion.py::TestCompositeLossStrategy::test_compute_loss_combines_strategies
tests/trainers/strategies/test_loss_criterion.py::TestCompositeLossStrategy::test_teardown_calls_all_strategies
tests/trainers/strategies/test_loss_criterion.py::TestL2RegularizationStrategy::test_initialization
tests/trainers/strategies/test_loss_criterion.py::TestL2RegularizationStrategy::test_compute_loss
tests/trainers/strategies/test_loss_criterion.py::TestL2RegularizationStrategy::test_zero_parameters
tests/trainers/strategies/test_loss_criterion.py::TestDefaultLossCriterionStrategy::test_with_custom_loss_fn
tests/trainers/strategies/test_loss_criterion.py::TestLossStrategyComposition::test_ce_plus_l2_regularization
tests/trainers/test_apfl_optimizer_ownership.py::test_apfl_returning_client_matches_dedicated_optimizer_reference
tests/trainers/test_checkpoint_path_contract.py::test_default_worker_test_and_cleanup_checkpoint_names[toy]
tests/trainers/test_checkpoint_path_contract.py::test_default_worker_test_and_cleanup_checkpoint_names[org/model]
tests/trainers/test_checkpoint_path_contract.py::test_default_worker_test_and_cleanup_checkpoint_names[org_model]
tests/trainers/test_checkpoint_path_contract.py::test_default_worker_test_and_cleanup_checkpoint_names[../model]
tests/trainers/test_checkpoint_path_contract.py::test_default_worker_test_and_cleanup_checkpoint_names[~6f72672f6d6f64656c]
tests/trainers/test_checkpoint_path_contract.py::test_logical_name_codec_has_no_slash_underscore_or_reserved_collision
tests/trainers/test_checkpoint_path_contract.py::test_long_logical_model_name_default_save_load_stays_in_filename_limit[org/modelmodelmodelmodelmodelmodelmodelmodelmodelmodelmodelmodelmodelmodelmodelmodelmodelmodelmodelmodelmodelmodelmodelmodelmodelmodelmodelmodelmodelmodelmodelmodelmodelmodelmodelmodelmodelmodelmodelmodelmodelmodelmodelmodelmodelmodelmodelmodelmodelmodelmodelmodelmodelmodelmodelmodelmodelmodelmodelmodelmodelmodelmodelmodelmodelmodelmodelmodelmodelmodelmodelmodelmodelmodelmodelmodelmodelmodelmodelmodel]
tests/trainers/test_checkpoint_path_contract.py::test_long_logical_model_name_default_save_load_stays_in_filename_limit[ordinary_modelmodelmodelmodelmodelmodelmodelmodelmodelmodelmodelmodelmodelmodelmodelmodelmodelmodelmodelmodelmodelmodelmodelmodelmodelmodelmodelmodelmodelmodelmodelmodelmodelmodelmodelmodelmodelmodelmodelmodelmodelmodelmodelmodelmodelmodelmodelmodelmodelmodelmodelmodelmodelmodelmodelmodelmodelmodelmodelmodelmodelmodelmodelmodelmodelmodelmodelmodelmodelmodelmodelmodelmodelmodelmodelmodelmodelmodelmodelmodel]
tests/trainers/test_checkpoint_path_contract.py::test_long_logical_model_name_default_save_load_stays_in_filename_limit[xxxxxxxxxxxxxxxxxxxxxxxxxxxxxxxxxxxxxxxxxxxxxxxxxxxxxxxxxxxxxxxxxxxxxxxxxxxxxxxxxxxxxxxxxxxxxxxxxxxxxxxxxxxxxxxxxxxxxxxxxxxxxxxxxxxxxxxxxxxxxxxxxxxxxxxxxxxxxxxxxxxxxxxxxxxxxxxxxxxxxxxxxxxxxxxxxxxxxxxxxxxxxxxxxxxxxxxxxxxxxxxxxxxxxxxxxxxxxxxx]
tests/trainers/test_checkpoint_path_contract.py::test_explicit_location_and_relative_filename_containment
tests/trainers/test_checkpoint_path_contract.py::test_urgent_actual_snapshots_numerical_order_cutoff_architecture_and_state
tests/trainers/test_checkpoint_path_contract.py::test_real_spawned_worker_train_test_and_history_with_slash_name
tests/trainers/test_checkpoint_path_contract.py::test_split_gradient_auxiliary_writer_reader_uses_same_name
tests/trainers/test_checkpoint_path_contract.py::test_history_sidecar_symlinks_are_checked_before_weight_write_or_load
tests/trainers/test_checkpointing.py::test_save_and_load_roundtrip
tests/trainers/test_checkpointing.py::test_save_model_with_custom_filename
tests/trainers/test_composable_trainer.py::TestComposableTrainerBasic::test_initialization_with_defaults
tests/trainers/test_composable_trainer.py::TestComposableTrainerBasic::test_initialization_with_custom_strategies
tests/trainers/test_composable_trainer.py::TestComposableTrainerBasic::test_context_initialization
tests/trainers/test_composable_trainer.py::TestComposableTrainerBasic::test_strategies_are_setup
tests/trainers/test_composable_trainer.py::TestComposableTrainerTraining::test_train_model_executes
tests/trainers/test_composable_trainer.py::TestComposableTrainerTraining::test_loss_decreases_during_training
tests/trainers/test_composable_trainer.py::TestComposableTrainerTraining::test_multiple_epochs
tests/trainers/test_composable_trainer.py::TestComposableTrainerStrategies::test_loss_strategy_is_used
tests/trainers/test_composable_trainer.py::TestComposableTrainerStrategies::test_model_update_strategy_hooks
tests/trainers/test_composable_trainer.py::TestComposableTrainerStrategies::test_optimizer_strategy_creates_optimizer
tests/trainers/test_composable_trainer.py::TestComposableTrainerContext::test_context_shared_between_strategies
tests/trainers/test_composable_trainer.py::TestComposableTrainerContext::test_context_updates_during_training
tests/trainers/test_composable_trainer.py::TestComposableTrainerCallbacks::test_callbacks_are_called
tests/trainers/test_composable_trainer.py::TestComposableTrainerModelOperations::test_save_and_load_model
tests/trainers/test_composable_trainer.py::TestComposableTrainerWithDifferentModels::test_with_callable_model
tests/trainers/test_composable_trainer.py::TestComposableTrainerWithDifferentModels::test_with_model_instance
tests/trainers/test_composable_trainer.py::TestComposableTrainerEdgeCases::test_empty_dataset
tests/trainers/test_composable_trainer.py::TestComposableTrainerEdgeCases::test_single_batch
tests/trainers/test_composable_trainer.py::TestComposableTrainerEdgeCases::test_test_state_roundtrip_persists_evaluation_metadata
tests/trainers/test_composable_trainer.py::TestComposableTrainerEdgeCases::test_test_state_restore_clears_stale_evaluation_metadata
tests/trainers/test_composable_trainer.py::TestComposableTrainerComparison::test_produces_valid_loss
tests/trainers/test_composable_trainer.py::TestComposableTrainerComparison::test_model_parameters_change
tests/trainers/test_feddyn_strategy.py::test_explicit_adaptive_flag_conflicts_with_configuration[uniform-True]
tests/trainers/test_feddyn_strategy.py::test_explicit_adaptive_flag_conflicts_with_configuration[sample-False]
tests/trainers/test_feddyn_strategy.py::test_full_example_rejects_invalid_configuration[algorithm-alpha_coef-0]
tests/trainers/test_feddyn_strategy.py::test_full_example_rejects_invalid_configuration[algorithm-alpha_coef-True]
tests/trainers/test_feddyn_strategy.py::test_full_example_rejects_invalid_configuration[algorithm-alpha_coef-nan]
tests/trainers/test_feddyn_strategy.py::test_full_example_rejects_invalid_configuration[algorithm-feddyn_weighting-unknown]
tests/trainers/test_feddyn_strategy.py::test_full_example_rejects_invalid_configuration[algorithm-feddyn_sample_counts-value4]
tests/trainers/test_feddyn_strategy.py::test_full_example_rejects_invalid_configuration[clients-total_clients-0]
tests/trainers/test_feddyn_strategy.py::test_full_example_rejects_invalid_configuration[clients-total_clients-True]
tests/trainers/test_feddyn_strategy.py::test_full_example_rejects_invalid_configuration[clients-total_clients-1.5]
tests/trainers/test_feddyn_strategy.py::test_full_example_rejects_invalid_configuration[clients-per_round-0]
tests/trainers/test_feddyn_strategy.py::test_full_example_rejects_invalid_configuration[clients-per_round-3]
tests/trainers/test_feddyn_strategy.py::test_full_example_rejects_invalid_configuration[clients-per_round-True]
tests/trainers/test_feddyn_strategy.py::test_full_example_rejects_invalid_configuration[server-synchronous-False]
tests/trainers/test_feddyn_strategy.py::test_full_example_rejects_invalid_configuration[server-request_update-True]
tests/trainers/test_feddyn_strategy.py::test_full_example_rejects_invalid_configuration[algorithm-total_silos-2]
tests/trainers/test_feddyn_strategy.py::test_full_example_rejects_invalid_configuration[trainer-optimizer-Adam]
tests/trainers/test_feddyn_strategy.py::test_full_example_rejects_invalid_configuration[trainer-amp-True]
tests/trainers/test_feddyn_strategy.py::test_full_example_rejects_invalid_configuration[trainer-type-diff_privacy]
tests/trainers/test_feddyn_strategy.py::test_full_example_rejects_invalid_configuration[trainer-max_grad_norm-1]
tests/trainers/test_feddyn_strategy.py::test_full_example_rejects_invalid_configuration[trainer-lr_scheduler-StepLR]
tests/trainers/test_feddyn_strategy.py::test_full_example_rejects_invalid_configuration[trainer-epochs-0]
tests/trainers/test_feddyn_strategy.py::test_full_example_rejects_invalid_configuration[trainer-gradient_accumulation_steps-0]
tests/trainers/test_feddyn_strategy.py::test_full_example_rejects_invalid_configuration[trainer-gradient_accumulation_steps-True]
tests/trainers/test_feddyn_strategy.py::test_full_sample_vector_is_required_and_finite[None]
tests/trainers/test_feddyn_strategy.py::test_full_sample_vector_is_required_and_finite[counts1]
tests/trainers/test_feddyn_strategy.py::test_full_sample_vector_is_required_and_finite[counts2]
tests/trainers/test_feddyn_strategy.py::test_full_sample_vector_is_required_and_finite[counts3]
tests/trainers/test_feddyn_strategy.py::test_full_sample_vector_is_required_and_finite[counts4]
tests/trainers/test_feddyn_strategy.py::test_full_sample_vector_is_required_and_finite[counts5]
tests/trainers/test_feddyn_strategy.py::test_full_sample_vector_is_required_and_finite[counts6]
tests/trainers/test_feddyn_strategy.py::test_full_sample_vector_is_required_and_finite[counts7]
tests/trainers/test_feddyn_strategy.py::test_full_sample_vector_is_required_and_finite[counts8]
tests/trainers/test_feddyn_strategy.py::test_optimizer_configuration_is_not_silently_coerced[momentum-0.9]
tests/trainers/test_feddyn_strategy.py::test_optimizer_configuration_is_not_silently_coerced[weight_decay-0.01]
tests/trainers/test_feddyn_strategy.py::test_optimizer_configuration_is_not_silently_coerced[dampening-0.1]
tests/trainers/test_feddyn_strategy.py::test_optimizer_configuration_is_not_silently_coerced[nesterov-True]
tests/trainers/test_feddyn_strategy.py::test_optimizer_configuration_is_not_silently_coerced[maximize-True]
tests/trainers/test_feddyn_strategy.py::test_optimizer_configuration_is_not_silently_coerced[lr-0]
tests/trainers/test_feddyn_strategy.py::test_optimizer_configuration_is_not_silently_coerced[lr-inf]
tests/trainers/test_feddyn_strategy.py::test_optimizer_configuration_is_not_silently_coerced[lr-True]
tests/trainers/test_feddyn_strategy.py::test_classification_permutation_preserves_full_objective_gradient
tests/trainers/test_feddyn_strategy.py::test_legacy_actual_writer_weight_bias_and_corruption_are_inspection_only
tests/trainers/test_feddyn_strategy.py::test_loss_matches_independent_scalar_equation[2.0-2.0-0.0-0.0-2.0-0.0]
tests/trainers/test_feddyn_strategy.py::test_loss_matches_independent_scalar_equation[1.0-2.0-0.5--0.05-1.005--0.495]
tests/trainers/test_feddyn_strategy.py::test_loss_matches_independent_scalar_equation[3.0-3.0-0.5-0.05-2.995-0.495]
tests/trainers/test_feddyn_strategy.py::test_invalid_alpha_is_an_actionable_error[-1]
tests/trainers/test_feddyn_strategy.py::test_invalid_alpha_is_an_actionable_error[nan]
tests/trainers/test_feddyn_strategy.py::test_invalid_alpha_is_an_actionable_error[inf]
tests/trainers/test_feddyn_strategy.py::test_invalid_alpha_is_an_actionable_error[-inf]
tests/trainers/test_feddyn_strategy.py::test_invalid_alpha_is_an_actionable_error[True]
tests/trainers/test_feddyn_strategy.py::test_invalid_alpha_is_an_actionable_error[0.1]
tests/trainers/test_feddyn_strategy.py::test_zero_alpha_is_exact_task_loss
tests/trainers/test_feddyn_strategy.py::test_sample_alpha_uses_population_counts_never_labels[labels0]
tests/trainers/test_feddyn_strategy.py::test_sample_alpha_uses_population_counts_never_labels[labels1]
tests/trainers/test_feddyn_strategy.py::test_sample_alpha_uses_population_counts_never_labels[labels2]
tests/trainers/test_feddyn_strategy.py::test_sample_alpha_uses_population_counts_never_labels[labels3]
tests/trainers/test_feddyn_strategy.py::test_sample_alpha_uses_population_counts_never_labels[labels4]
tests/trainers/test_feddyn_strategy.py::test_adaptive_alpha_requires_authoritative_metadata
tests/trainers/test_feddyn_strategy.py::test_effective_alpha_overflow_and_underflow_are_rejected[1e+308-counts0]
tests/trainers/test_feddyn_strategy.py::test_effective_alpha_overflow_and_underflow_are_rejected[5e-324-counts1]
tests/trainers/test_fedrep_strategy.py::TestFedRepLayerFreezing::test_regular_round_local_phase
tests/trainers/test_fedrep_strategy.py::TestFedRepLayerFreezing::test_regular_round_global_phase
tests/trainers/test_fedrep_strategy.py::TestFedRepLayerFreezing::test_personalization_phase
tests/trainers/test_fedrep_strategy.py::TestFedRepEpochTransitions::test_epoch_transition_from_local_to_global
tests/trainers/test_fedrep_strategy.py::TestFedRepEpochTransitions::test_multiple_calls_same_epoch_are_idempotent
tests/trainers/test_fedrep_strategy.py::TestFedRepStrategyFromConfig::test_strategy_from_config
tests/trainers/test_gan_runtime.py::test_actual_registered_dcgan_training_changes_both_networks
tests/trainers/test_gan_runtime.py::test_gan_exchange_owns_snapshot_and_preserves_model_device
tests/trainers/test_gan_runtime.py::test_gan_slash_names_and_explicit_paired_checkpoints
tests/trainers/test_gan_runtime.py::test_gan_worker_history_urgent_snapshots_and_scoped_cleanup
tests/trainers/test_gan_runtime.py::test_gan_deltas_and_updates_preserve_bool_and_integer_buffer_contract
tests/trainers/test_gan_runtime.py::test_gan_fid_actual_partition_tail_padding_and_scalar_covariance_reference
tests/trainers/test_gan_runtime.py::test_gan_explicit_normalized_paths_keep_networks_distinct_and_validate_first
tests/trainers/test_huggingface_accumulation.py::test_accumulation_matches_mean_loss_windows[2-True]
tests/trainers/test_huggingface_accumulation.py::test_accumulation_matches_mean_loss_windows[2-False]
tests/trainers/test_huggingface_accumulation.py::test_accumulation_matches_mean_loss_windows[3-True]
tests/trainers/test_huggingface_accumulation.py::test_accumulation_matches_mean_loss_windows[3-False]
tests/trainers/test_huggingface_accumulation.py::test_accumulation_matches_mean_loss_windows[5-True]
tests/trainers/test_huggingface_accumulation.py::test_accumulation_matches_mean_loss_windows[5-False]
tests/trainers/test_huggingface_accumulation.py::test_real_hf_trainer_tail_callbacks_scheduler_and_control_flags[False]
tests/trainers/test_huggingface_accumulation.py::test_real_hf_trainer_tail_callbacks_scheduler_and_control_flags[True]
tests/trainers/test_huggingface_trainer.py::test_huggingface_collate_wrapper_dynamically_pads_variable_length_labels
tests/trainers/test_huggingface_trainer.py::test_huggingface_collate_wrapper_unwraps_nested_batch_encodings
tests/trainers/test_huggingface_trainer.py::test_huggingface_collate_wrapper_requires_tokenizer_at_construction
tests/trainers/test_huggingface_trainer.py::test_huggingface_trainer_defaults_tokenizer_name_to_model_name
tests/trainers/test_huggingface_trainer.py::test_huggingface_trainer_uses_tokenizer_override_and_resizes_embeddings
tests/trainers/test_huggingface_trainer.py::test_huggingface_trainer_applies_gradient_checkpointing_and_precision_flags
tests/trainers/test_lr_scheduler_registry.py::test_step_lr_scheduler_decays_at_step
tests/trainers/test_lr_scheduler_registry.py::test_multi_step_scheduler_applies_milestones
tests/trainers/test_lr_scheduler_registry.py::test_lambda_scheduler_supports_linear_warmup
tests/trainers/test_personalized_state_ownership.py::test_identity_reassignment_isolates_and_reloads_actual_personal_state[toy-ditto]
tests/trainers/test_personalized_state_ownership.py::test_identity_reassignment_isolates_and_reloads_actual_personal_state[toy-apfl]
tests/trainers/test_personalized_state_ownership.py::test_identity_reassignment_isolates_and_reloads_actual_personal_state[toy-feddyn]
tests/trainers/test_personalized_state_ownership.py::test_identity_reassignment_isolates_and_reloads_actual_personal_state[toy-scaffold]
tests/trainers/test_personalized_state_ownership.py::test_identity_reassignment_isolates_and_reloads_actual_personal_state[toy-fedala]
tests/trainers/test_personalized_state_ownership.py::test_identity_reassignment_isolates_and_reloads_actual_personal_state[org/model-ditto]
tests/trainers/test_personalized_state_ownership.py::test_identity_reassignment_isolates_and_reloads_actual_personal_state[org/model-apfl]
tests/trainers/test_personalized_state_ownership.py::test_identity_reassignment_isolates_and_reloads_actual_personal_state[org/model-feddyn]
tests/trainers/test_personalized_state_ownership.py::test_identity_reassignment_isolates_and_reloads_actual_personal_state[org/model-scaffold]
tests/trainers/test_personalized_state_ownership.py::test_identity_reassignment_isolates_and_reloads_actual_personal_state[org/model-fedala]
tests/trainers/test_personalized_state_ownership.py::test_feddyn_exact_legacy_prefix_load_is_same_client_and_canonical_wins
tests/trainers/test_personalized_state_ownership.py::test_actual_spawn_returns_personal_state_and_optimizer_across_rounds[ditto]
tests/trainers/test_personalized_state_ownership.py::test_actual_spawn_returns_personal_state_and_optimizer_across_rounds[apfl]
tests/trainers/test_personalized_state_ownership.py::test_actual_spawn_returns_personal_state_and_optimizer_across_rounds[feddyn]
tests/trainers/test_personalized_state_ownership.py::test_actual_spawn_returns_personal_state_and_optimizer_across_rounds[fedala]
tests/trainers/test_personalized_state_ownership.py::test_apfl_historical_numpy_alpha_reader_and_primitive_writer
tests/trainers/test_pfedgraph_strategy.py::test_pfedgraph_loss_maximizes_similarity
tests/trainers/test_review_training_boundaries.py::test_real_amp_clipping_unscaled_success_and_overflow[False-8.0-2.0-False]
tests/trainers/test_review_training_boundaries.py::test_real_amp_clipping_unscaled_success_and_overflow[False-8.0-2.0-True]
tests/trainers/test_review_training_boundaries.py::test_real_amp_clipping_unscaled_success_and_overflow[False-65536.0-10.0-False]
tests/trainers/test_review_training_boundaries.py::test_real_amp_clipping_unscaled_success_and_overflow[False-65536.0-10.0-True]
tests/trainers/test_review_training_boundaries.py::test_real_amp_clipping_unscaled_success_and_overflow[True-8.0-2.0-False]
tests/trainers/test_review_training_boundaries.py::test_real_amp_clipping_unscaled_success_and_overflow[True-8.0-2.0-True]
tests/trainers/test_review_training_boundaries.py::test_real_amp_clipping_unscaled_success_and_overflow[True-65536.0-10.0-False]
tests/trainers/test_review_training_boundaries.py::test_real_amp_clipping_unscaled_success_and_overflow[True-65536.0-10.0-True]
tests/trainers/test_review_training_boundaries.py::test_actual_worker_cleanup_full_names_and_unrelated_owners[toy]
tests/trainers/test_review_training_boundaries.py::test_actual_worker_cleanup_full_names_and_unrelated_owners[org/model]
tests/trainers/test_review_training_boundaries.py::test_actual_worker_cleanup_full_names_and_unrelated_owners[xxxxxxxxxxxxxxxxxxxxxxxxxxxxxxxxxxxxxxxxxxxxxxxxxxxxxxxxxxxxxxxxxxxxxxxxxxxxxxxxxxxxxxxxxxxxxxxxxxxxxxxxxxxxxxxxxxxxxxxxxxxxxxxxxxxxxxxxxxxxxxxxxxxxxxxxxxxxxxxxxxxxxxxxxxxxxxxxxxxxxxxxxxxxxxxxxxxxxxxxxxxxxxxxxxxxxxxxxxxxxxxxxxxxxxxxxxxxxxxx]
tests/trainers/test_review_training_boundaries.py::test_actual_accepted_b_feddyn_writer_migration[False-False]
tests/trainers/test_review_training_boundaries.py::test_actual_accepted_b_feddyn_writer_migration[False-True]
tests/trainers/test_review_training_boundaries.py::test_actual_accepted_b_feddyn_writer_migration[True-False]
tests/trainers/test_review_training_boundaries.py::test_actual_accepted_b_feddyn_writer_migration[True-True]
tests/trainers/test_review_training_boundaries.py::test_fedala_memory_only_return_matches_dedicated_rounds[False]
tests/trainers/test_review_training_boundaries.py::test_fedala_memory_only_return_matches_dedicated_rounds[True]
tests/trainers/test_scaffold_strategy.py::test_independent_main_equations[gradients0-0.9-0.0-SCAFFOLDUpdateStrategy]
tests/trainers/test_scaffold_strategy.py::test_independent_main_equations[gradients0-0.9-0.0-SCAFFOLDUpdateStrategyV2]
tests/trainers/test_scaffold_strategy.py::test_independent_main_equations[gradients1-0.4-2.0-SCAFFOLDUpdateStrategy]
tests/trainers/test_scaffold_strategy.py::test_independent_main_equations[gradients1-0.4-2.0-SCAFFOLDUpdateStrategyV2]
tests/trainers/test_scaffold_strategy.py::test_real_accumulation_updates_tail_and_empty_round[SCAFFOLDUpdateStrategy-1]
tests/trainers/test_scaffold_strategy.py::test_real_accumulation_updates_tail_and_empty_round[SCAFFOLDUpdateStrategy-3]
tests/trainers/test_scaffold_strategy.py::test_real_accumulation_updates_tail_and_empty_round[SCAFFOLDUpdateStrategy-4]
tests/trainers/test_scaffold_strategy.py::test_real_accumulation_updates_tail_and_empty_round[SCAFFOLDUpdateStrategyV2-1]
tests/trainers/test_scaffold_strategy.py::test_real_accumulation_updates_tail_and_empty_round[SCAFFOLDUpdateStrategyV2-3]
tests/trainers/test_scaffold_strategy.py::test_real_accumulation_updates_tail_and_empty_round[SCAFFOLDUpdateStrategyV2-4]
tests/trainers/test_scaffold_strategy.py::test_skipped_update_is_not_corrected
tests/trainers/test_scaffold_strategy.py::test_invalid_executed_rate_fails_before_update[0.0]
tests/trainers/test_scaffold_strategy.py::test_invalid_executed_rate_fails_before_update[-0.1]
tests/trainers/test_scaffold_strategy.py::test_invalid_executed_rate_fails_before_update[nan]
tests/trainers/test_scaffold_strategy.py::test_invalid_executed_rate_fails_before_update[inf]
tests/trainers/test_scaffold_strategy.py::test_missing_optimizer_and_post_step_rate_capture_then_tail_rejection
tests/trainers/test_scaffold_strategy.py::test_final_tail_denominator_uses_executed_rate_before_post_hook
tests/trainers/test_scaffold_strategy.py::test_parameter_identity_reordered_equal_groups_buffers_and_exclusions
tests/trainers/test_scaffold_strategy.py::test_invalid_controls_fail_before_mutation[bad0]
tests/trainers/test_scaffold_strategy.py::test_invalid_controls_fail_before_mutation[bad1]
tests/trainers/test_scaffold_strategy.py::test_invalid_controls_fail_before_mutation[bad2]
tests/trainers/test_scaffold_strategy.py::test_invalid_controls_fail_before_mutation[bad3]
tests/trainers/test_scaffold_strategy.py::test_generic_optimizer_composition_matches_independent_raw_updates[SCAFFOLDUpdateStrategy-momentum]
tests/trainers/test_scaffold_strategy.py::test_generic_optimizer_composition_matches_independent_raw_updates[SCAFFOLDUpdateStrategy-adam]
tests/trainers/test_scaffold_strategy.py::test_generic_optimizer_composition_matches_independent_raw_updates[SCAFFOLDUpdateStrategyV2-momentum]
tests/trainers/test_scaffold_strategy.py::test_generic_optimizer_composition_matches_independent_raw_updates[SCAFFOLDUpdateStrategyV2-adam]
tests/trainers/test_scaffold_strategy.py::test_exact_legacy_load_canonical_precedence_and_client_zero_isolation[example]
tests/trainers/test_scaffold_strategy.py::test_exact_legacy_load_canonical_precedence_and_client_zero_isolation[prefix]
tests/trainers/test_scaffold_strategy.py::test_exact_legacy_load_canonical_precedence_and_client_zero_isolation[canonical]
tests/trainers/test_scaffold_strategy.py::test_persistence_and_worker_state_failures_cannot_emit_old_delta
tests/trainers/test_scaffold_strategy.py::test_direct_callback_failure_keeps_only_accepted_controls[False]
tests/trainers/test_scaffold_strategy.py::test_direct_callback_failure_keeps_only_accepted_controls[True]
tests/trainers/test_split_learning_testing_strategy.py::test_split_learning_testing_strategy_accepts_custom_sampler
tests/trainers/test_split_learning_testing_strategy.py::test_fresh_public_split_evaluation_and_empty_partition
tests/trainers/test_ssl_personalized_state.py::test_ssl_public_spawn_returns_private_head_and_isolates_identity
tests/trainers/test_ssl_personalized_state.py::test_ssl_personalization_freezes_encoder_buffers_gradients_and_preserves_modes[False]
tests/trainers/test_ssl_personalized_state.py::test_ssl_personalization_freezes_encoder_buffers_gradients_and_preserves_modes[True]
tests/trainers/test_ssl_training_contract.py::test_ssl_model_instance_and_personalization_batch_config
tests/trainers/test_ssl_training_contract.py::test_ssl_knn_reference_set_is_not_indexed_with_test_sampler
tests/trainers/test_ssl_training_contract.py::test_ssl_empty_evaluation_is_consistent_with_basic
tests/trainers/test_training_update_contract.py::test_accumulation_matches_mean_of_microbatch_losses[sizes0-2]
tests/trainers/test_training_update_contract.py::test_accumulation_matches_mean_of_microbatch_losses[sizes1-4]
tests/trainers/test_training_update_contract.py::test_accumulation_matches_mean_of_microbatch_losses[sizes2-2]
tests/trainers/test_training_update_contract.py::test_accumulation_run_epoch_and_exception_cleanup
tests/trainers/test_training_update_contract.py::test_fedprox_origin_and_nonzero_analytical_gradient[0.0-l2]
tests/trainers/test_training_update_contract.py::test_fedprox_origin_and_nonzero_analytical_gradient[0.1-l2]
tests/trainers/test_training_update_contract.py::test_fedprox_origin_and_nonzero_analytical_gradient[0.1-l1]
tests/trainers/test_training_update_contract.py::test_fedprox_rejects_invalid_penalty[-0.1]
tests/trainers/test_training_update_contract.py::test_fedprox_rejects_invalid_penalty[nan]
tests/trainers/test_training_update_contract.py::test_fedprox_rejects_invalid_penalty[inf]
tests/trainers/test_training_update_contract.py::test_fedprox_refreshes_received_weights_each_run[False]
tests/trainers/test_training_update_contract.py::test_fedprox_refreshes_received_weights_each_run[True]
tests/trainers/test_training_update_contract.py::test_timm_real_lr_sequence_epochs_rounds_and_accumulation[False-1-10]
tests/trainers/test_training_update_contract.py::test_timm_real_lr_sequence_epochs_rounds_and_accumulation[False-3-5]
tests/trainers/test_training_update_contract.py::test_timm_real_lr_sequence_epochs_rounds_and_accumulation[True-1-10]
tests/trainers/test_training_update_contract.py::test_timm_real_lr_sequence_epochs_rounds_and_accumulation[True-3-5]
tests/trainers/test_training_update_contract.py::test_real_fedprox_reference_config_activates_proximal_training
tests/trainers/test_training_update_contract.py::test_validation_wrapper_retains_accumulation_and_checks_tail_gradients
tests/trainers/test_training_update_contract.py::test_fedmos_distinct_same_shape_parameters_keep_corresponding_global_reference
tests/trainers/test_training_update_contract.py::test_gradient_clipping_limits_real_updates_including_accumulation_tail
tests/trainers/test_training_update_contract.py::test_loss_metrics_preserve_sample_weighting_without_retaining_batch_graphs
tests/trainers/test_training_update_contract.py::test_personalization_freezes_restore_model_ownership_after_failure[fedper]
tests/trainers/test_training_update_contract.py::test_personalization_freezes_restore_model_ownership_after_failure[fedrep]
tests/trainers/test_training_update_contract.py::test_personalization_freezes_restore_model_ownership_after_failure[lgfedavg]
tests/trainers/test_training_update_contract.py::test_lgfedavg_two_real_updates_dispatch_timm_between_passes
tests/trainers/test_training_update_contract.py::test_real_grad_scaler_overflow_does_not_dispatch_optimizer_update[False]
tests/trainers/test_training_update_contract.py::test_real_grad_scaler_overflow_does_not_dispatch_optimizer_update[True]
tests/trainers/test_training_update_contract.py::test_feddyn_all_zero_labels_leave_zero_origin_regularizer
tests/utils/test_archive.py::test_safe_tar_links_and_dot_directory
tests/utils/test_archive.py::test_unsafe_tar_manifest_is_rejected_before_extraction[members0]
tests/utils/test_archive.py::test_unsafe_tar_manifest_is_rejected_before_extraction[members1]
tests/utils/test_archive.py::test_unsafe_tar_manifest_is_rejected_before_extraction[members2]
tests/utils/test_archive.py::test_unsafe_tar_manifest_is_rejected_before_extraction[members3]
tests/utils/test_archive.py::test_unsafe_tar_manifest_is_rejected_before_extraction[members4]
tests/utils/test_archive.py::test_unsafe_tar_manifest_is_rejected_before_extraction[members5]
tests/utils/test_archive.py::test_zip_symlink_entry_is_rejected
tests/utils/test_cleanup.py::test_symlink_runtime_fallback_never_clears_external_files
tests/utils/test_cleanup.py::test_cleanup_removes_only_runtime_and_pycache
tests/utils/test_rl_payload_utilities.py::test_action_space_follows_effective_pytest_profile[implicit-mandatory]
tests/utils/test_rl_payload_utilities.py::test_action_space_follows_effective_pytest_profile[explicit-mandatory]
tests/utils/test_rl_payload_utilities.py::test_action_space_follows_effective_pytest_profile[explicit-base]
tests/utils/test_rl_payload_utilities.py::test_action_space_follows_effective_pytest_profile[unprofiled-scoped]
tests/utils/test_rl_payload_utilities.py::test_active_policy_finite_update_and_saved_weight_roundtrip[ddpg]
tests/utils/test_rl_payload_utilities.py::test_active_policy_finite_update_and_saved_weight_roundtrip[td3]
tests/utils/test_rl_payload_utilities.py::test_active_policy_finite_update_and_saved_weight_roundtrip[sac]
tests/utils/test_rl_payload_utilities.py::test_active_policy_finite_update_and_saved_weight_roundtrip[td3_rnn]
tests/utils/test_rl_payload_utilities.py::test_active_policy_finite_update_and_saved_weight_roundtrip[sac_deterministic]
tests/utils/test_rl_payload_utilities.py::test_td3_actions_are_independent_of_other_batch_rows
tests/utils/test_rl_payload_utilities.py::test_async_recurrent_policy_accepts_variable_client_sequences[1]
tests/utils/test_rl_payload_utilities.py::test_async_recurrent_policy_accepts_variable_client_sequences[3]
tests/utils/test_rl_payload_utilities.py::test_td3_target_actions_use_every_transition
tests/utils/test_rl_payload_utilities.py::test_async_actor_ignores_padding_and_other_transitions
tests/utils/test_s3.py::test_put_send_receive_list_delete_use_one_namespace[]
tests/utils/test_s3.py::test_put_send_receive_list_delete_use_one_namespace[namespace/rounds]
tests/utils/test_s3.py::test_put_send_receive_list_delete_use_one_namespace[namespace/rounds/]
tests/utils/test_s3.py::test_empty_listing_succeeds_without_contents
tests/utils/test_s3.py::test_all_pages_stay_in_namespace
tests/utils/test_s3.py::test_service_errors_do_not_create_or_overwrite_objects
tests/utils/test_s3.py::test_network_paths_fail_within_deadline[put-stall]
tests/utils/test_s3.py::test_network_paths_fail_within_deadline[put-error]
tests/utils/test_s3.py::test_network_paths_fail_within_deadline[receive-stall]
tests/utils/test_s3.py::test_network_paths_fail_within_deadline[receive-error]
tests/utils/test_s3.py::test_network_paths_fail_within_deadline[list-stall]
tests/utils/test_s3.py::test_network_paths_fail_within_deadline[list-error]
tests/utils/test_s3.py::test_network_paths_fail_within_deadline[delete-stall]
tests/utils/test_s3.py::test_network_paths_fail_within_deadline[delete-error]
tests/utils/test_s3.py::test_network_paths_fail_within_deadline[init-stall]
tests/utils/test_s3.py::test_network_paths_fail_within_deadline[init-error]
tests/utils/test_s3.py::test_truncated_pickle_failure_is_visible
tests/utils/test_s3.py::test_successful_transfer_recovers_after_transient_service_error
tests/utils/test_s3.py::test_missing_object_is_distinct_from_service_failure
tests/utils/test_safetensor_serialization.py::test_serialize_tree_roundtrip_preserves_structure
tests/utils/test_safetensor_serialization.py::test_processors_encode_decode_roundtrip[bytes]
tests/utils/test_safetensor_serialization.py::test_processors_encode_decode_roundtrip[bytearray]
tests/utils/test_safetensor_serialization.py::test_processors_encode_decode_roundtrip[memoryview]
tests/utils/test_safetensor_serialization.py::test_serialize_tree_handles_strings_and_none
tests/utils/test_safetensor_serialization.py::test_serialize_tree_handles_root_level_leaf
tests/utils/test_safetensor_serialization.py::test_serialize_tree_roundtrip_preserves_torch_bfloat16_tensors
tests/utils/test_safetensor_serialization.py::test_ambiguous_tree_is_rejected_before_encoding[tree0]
tests/utils/test_safetensor_serialization.py::test_ambiguous_tree_is_rejected_before_encoding[tree1]
tests/utils/test_safetensor_serialization.py::test_ambiguous_tree_is_rejected_before_encoding[tree2]
tests/utils/test_safetensor_serialization.py::test_ambiguous_tree_is_rejected_before_encoding[tree3]
tests/utils/test_safetensor_serialization.py::test_ambiguous_tree_is_rejected_before_encoding[tree4]
tests/utils/test_safetensor_serialization.py::test_ambiguous_tree_is_rejected_before_encoding[tree5]
tests/utils/test_safetensor_serialization.py::test_ambiguous_tree_is_rejected_before_encoding[tree6]
tests/utils/test_safetensor_serialization.py::test_ambiguous_tree_is_rejected_before_encoding[tree7]
tests/utils/test_safetensor_serialization.py::test_ambiguous_tree_is_rejected_before_encoding[tree8]
tests/utils/test_safetensor_serialization.py::test_dotted_state_dict_and_unambiguous_brackets_remain_compatible
tests/utils/test_safetensor_serialization.py::test_noncontiguous_torch_tree_roundtrip
tests/utils/test_safetensor_serialization.py::test_native_scalar_types_roundtrip_in_hybrid_payload_metadata
tests/utils/test_shared_payload_utilities.py::test_empty_compound_loader_terminates[ParallelDataLoader]
tests/utils/test_shared_payload_utilities.py::test_empty_compound_loader_terminates[SequentialDataLoader]
tests/utils/test_shared_payload_utilities.py::test_parameter_count_utility_import_never_downloads_models
tests/utils/test_shared_payload_utilities.py::test_unary_encoding_large_epsilon_remains_finite[symmetric_unary_encoding]
tests/utils/test_shared_payload_utilities.py::test_unary_encoding_large_epsilon_remains_finite[optimized_unary_encoding]
tests/utils/test_shared_payload_utilities.py::test_csv_extension_preserves_rows_and_quotes
tests/utils/test_shared_payload_utilities.py::test_toml_config_roundtrip_matches_independent_parser
tests/utils/test_shared_payload_utilities.py::test_logging_font_invalid_choice_is_explicit
tests/utils/test_shared_payload_utilities.py::test_toml_nested_array_tables_and_literal_keys_keep_structure
tests/utils/test_shared_payload_utilities.py::test_toml_supplementary_unicode_and_control_escapes_roundtrip[config0]
tests/utils/test_shared_payload_utilities.py::test_toml_supplementary_unicode_and_control_escapes_roundtrip[config1]
tests/utils/test_shared_payload_utilities.py::test_toml_supplementary_unicode_and_control_escapes_roundtrip[config2]
tests/utils/test_shared_payload_utilities.py::test_toml_supplementary_unicode_and_control_escapes_roundtrip[config3]
tests/utils/test_shared_payload_utilities.py::test_toml_supplementary_unicode_and_control_escapes_roundtrip[config4]
tests/utils/test_unary_encoding.py::test_symmetric_encoding_matches_randomised_response
tests/utils/test_unary_encoding.py::test_randomised_response_probability_matches_expectation

test profile: core scope (native excluded)
1424 tests collected in 0.45s
